IBGE,Metropolitan Area,Month,Food and Beverages,Housing,Household Goods,Clothing,Transportation,Healthcare,Personal Expenses,Education,Communication
,Belem,1/1/2012,32.0015,12.1479,5.6793,9.3929,13.7599,10.5512,7.8447,4.5025,4.1202
,Belem,1/2/2012,31.932,12.1704,5.6756,9.3896,13.7915,10.5863,7.8364,4.5027,4.1156
,Belem,1/3/2012,31.8767,12.2358,5.6299,9.2732,13.6553,10.586,7.9009,4.7489,4.0933
,Belem,1/4/2012,32.0399,12.2142,5.6247,9.1643,13.6079,10.5653,7.9633,4.7548,4.0657
,Belem,1/5/2012,32.1801,12.181,5.5294,9.1471,13.5255,10.6197,8.0664,4.7236,4.0273
,Belem,1/6/2012,32.4112,12.1673,5.5062,9.1225,13.4079,10.6159,8.0849,4.692,3.9921
,Belem,1/7/2012,32.6107,12.1578,5.4947,9.1033,13.3219,10.5937,8.079,4.6577,3.9812
,Belem,1/8/2012,32.832,12.0987,5.4679,9.0671,13.2992,10.541,8.0816,4.6378,3.9747
,Belem,1/9/2012,32.8001,12.1573,5.4702,9.0275,13.4336,10.5138,8.0392,4.6231,3.9351
,Belem,1/10/2012,32.9945,12.1831,5.4405,9.0254,13.347,10.4932,8.0194,4.5911,3.9059
,Belem,1/11/2012,33.5485,11.9598,5.401,9.0211,13.2501,10.4471,7.9285,4.5451,3.8987
,Belem,1/12/2012,33.7166,12.056,5.4054,8.9958,13.1676,10.364,7.9277,4.4964,3.8704
,Belem,1/1/2013,33.778,12.101,5.3496,9.0129,13.1591,10.334,7.9602,4.4629,3.8424
,Belem,1/2/2013,34.1714,11.7338,5.3244,8.9788,13.1859,10.3416,7.9975,4.4504,3.8164
,Belem,1/3/2013,34.584,11.1237,5.3386,8.9852,13.2165,10.3347,7.9837,4.6388,3.7948
,Belem,1/4/2013,34.6394,11.1594,5.3415,9.0027,13.1232,10.3256,7.9842,4.6504,3.7736
,Belem,1/5/2013,34.6808,11.2475,5.3477,8.9533,12.9833,10.3965,7.9977,4.6335,3.7596
,Belem,1/6/2013,34.6027,11.2969,5.3302,8.9668,12.9684,10.4645,7.9785,4.6344,3.7576
,Belem,1/7/2013,34.6727,11.2847,5.3215,8.984,12.9443,10.4708,7.9531,4.6268,3.7421
,Belem,1/8/2013,34.7016,11.2814,5.31,8.9392,12.9337,10.4312,8.059,4.6181,3.7258
,Belem,1/9/2013,34.4122,11.6336,5.3082,8.9238,12.9063,10.4224,8.0556,4.6284,3.7096
,Belem,1/10/2013,34.2841,11.734,5.3695,8.9585,12.9122,10.402,8.0359,4.6128,3.6909
,Belem,1/11/2013,34.1958,11.8686,5.4043,9.0568,12.8594,10.3309,8.0184,4.5949,3.671
,Belem,1/12/2013,34.0335,11.8537,5.3813,9.1687,12.8662,10.3773,8.085,4.5785,3.6559
,Belem,1/1/2014,33.8984,11.8889,5.3701,9.1834,12.9954,10.3501,8.0978,4.5596,3.6563
,Belem,1/2/2014,33.782,11.9076,5.432,9.2583,12.8452,10.384,8.1692,4.566,3.6557
,Belem,1/3/2014,33.7484,11.8675,5.4737,9.1228,12.7424,10.4525,8.1521,4.7955,3.6452
,Belem,1/4/2014,33.6944,11.9174,5.4628,9.0895,12.828,10.4694,8.1474,4.7881,3.6029
,Belem,1/5/2014,33.7844,11.9089,5.4786,9.0168,12.7918,10.5355,8.1351,4.7582,3.5906
,Belem,1/6/2014,34.0129,11.9822,5.479,8.911,12.7431,10.4579,8.1472,4.707,3.5598
,Belem,1/7/2014,34.0756,11.9678,5.4248,8.8352,12.8704,10.4275,8.1862,4.6767,3.5358
,Belem,1/8/2014,34.0796,11.964,5.4478,8.8542,12.7601,10.4482,8.2091,4.68,3.5571
,Belem,1/9/2014,33.7882,12.6921,5.4285,8.7565,12.6917,10.3766,8.1308,4.6244,3.5113
,Belem,1/10/2014,33.8678,12.8624,5.3781,8.7216,12.6628,10.3345,8.0741,4.6077,3.4911
,Belem,1/11/2014,33.8401,12.8497,5.3866,8.7036,12.6621,10.3262,8.1359,4.615,3.4808
,Belem,1/12/2014,34.0893,12.71,5.3492,8.7017,12.6588,10.2885,8.1204,4.608,3.4742
,Belem,1/1/2015,34.0853,12.6492,5.3697,8.7758,12.7131,10.2875,8.1135,4.5642,3.4417
,Belem,1/2/2015,33.9656,12.9396,5.3536,8.7015,12.6674,10.2194,8.2024,4.5298,3.4206
,Belem,1/3/2015,33.9298,13.1057,5.3004,8.6642,12.5673,10.175,8.1382,4.7258,3.3936
,Belem,1/4/2015,33.7867,13.3355,5.2942,8.6443,12.5919,10.1684,8.1103,4.7263,3.3424
,Belem,1/5/2015,33.8365,13.1988,5.3146,8.6058,12.6262,10.2981,8.1156,4.6814,3.3229
,Belem,1/6/2015,34.152,12.9977,5.2614,8.6075,12.6991,10.2321,8.1103,4.6389,3.301
,Belem,1/7/2015,34.1504,12.9889,5.2382,8.5534,12.8151,10.1846,8.2011,4.5886,3.2797
,Belem,1/8/2015,34.1012,12.9205,5.2589,8.4955,12.8659,10.2558,8.233,4.5771,3.2921
,Belem,1/9/2015,34.1356,13.0843,5.2876,8.4922,12.6246,10.2796,8.2593,4.5579,3.2789
,Belem,1/10/2015,34.1571,13.0228,5.2232,8.4897,12.6261,10.3579,8.3148,4.5463,3.262
,Belem,1/11/2015,34.2744,13.1363,5.1876,8.3762,12.6006,10.3398,8.3172,4.515,3.2529
,Belem,1/12/2015,34.5569,13.0102,5.165,8.3978,12.5136,10.3033,8.3049,4.4821,3.2663
,Belem,1/1/2016,34.4479,13.1542,5.1422,8.4706,12.6444,10.2366,8.2391,4.4375,3.2276
,Belem,1/2/2016,34.6911,13.0959,5.1016,8.4435,12.5641,10.2296,8.2621,4.4061,3.206
,Belem,1/3/2016,34.9518,12.8856,5.1189,8.3592,12.4254,10.2195,8.2107,4.6583,3.1705
,Belem,1/4/2016,35.2385,12.6879,5.1507,8.3488,12.3727,10.2328,8.2198,4.6562,3.0925
,Belem,1/5/2016,35.3462,12.5176,5.1463,8.27,12.3439,10.4107,8.1711,4.6255,3.1687
,Belem,1/6/2016,35.5253,12.4677,5.0862,8.2449,12.2897,10.4473,8.2085,4.5869,3.1436
,Belem,1/7/2016,35.7268,12.4069,5.0409,8.2452,12.2383,10.4705,8.2047,4.5512,3.1153
,Belem,1/8/2016,36.1493,12.278,5.0189,8.184,12.1816,10.4556,8.1472,4.5011,3.0844
,Belem,1/9/2016,35.9809,12.4719,5.0195,8.2118,12.0835,10.4709,8.1763,4.512,3.0731
,Belem,1/10/2016,36.1414,12.4642,5.0407,8.1915,11.9865,10.4298,8.1782,4.5086,3.059
,Belem,1/11/2016,36.0699,12.6011,5.0343,8.1479,11.99,10.4418,8.183,4.4895,3.0425
,Belem,1/12/2016,35.7487,12.6523,5.0445,8.2017,12.029,10.5199,8.2476,4.5073,3.0491
,Belem,1/1/2017,35.6183,12.7563,5.0053,8.1608,12.071,10.5558,8.2738,4.5106,3.048
,Belem,1/2/2017,35.4228,12.7335,5.0213,8.1252,12.2411,10.6183,8.2696,4.4978,3.0704
,Belem,1/3/2017,35.0543,12.6605,5.0336,8.0746,12.433,10.6346,8.296,4.7304,3.083
,Belem,1/4/2017,35.0113,12.7162,5.0004,8.0556,12.4226,10.7019,8.2894,4.7396,3.0629
,Belem,1/5/2017,35.1717,12.5629,4.9958,8.0567,12.351,10.749,8.2775,4.7382,3.0972
,Belem,1/6/2017,34.9623,12.7183,4.9559,8.0776,12.2795,10.8261,8.3321,4.7294,3.1189
,Belem,1/7/2017,35.0765,12.648,4.9457,8.0388,12.2804,10.8273,8.3517,4.7204,3.1113
,Belem,1/8/2017,35.0257,12.885,4.8995,7.9849,12.2504,10.8253,8.3366,4.6956,3.0969
,Belem,1/9/2017,34.5232,13.1574,4.9117,8.0068,12.369,10.8212,8.3932,4.717,3.1005
,Belem,1/10/2017,34.4081,13.2596,4.9125,7.9875,12.3976,10.8584,8.3623,4.6987,3.1152
,Belem,1/11/2017,34.1441,13.4755,4.8988,8.0634,12.3789,10.8592,8.3465,4.6963,3.1372
,Belem,1/12/2017,33.8684,13.6281,4.8845,8.0879,12.4031,10.8914,8.3998,4.7003,3.1365
,Belem,1/1/2018,33.7089,13.4128,4.8822,8.1385,12.5881,10.918,8.4723,4.7417,3.1376
,Belem,1/2/2018,33.8055,13.1585,4.8684,8.1675,12.6506,10.9574,8.4959,4.7566,3.1396
,Belem,1/3/2018,33.6249,13.2368,4.8564,8.149,12.6328,10.9338,8.4747,4.956,3.1355
,Belem,1/4/2018,33.3817,13.2423,4.8835,8.2129,12.7602,10.9353,8.4888,4.967,3.1282
,Belem,1/5/2018,33.2552,13.3136,4.8796,8.2373,12.7714,10.9774,8.4943,4.9484,3.1227
,Belem,1/6/2018,33.165,13.469,4.847,8.2017,12.8273,10.9622,8.4765,4.9221,3.1292
,Belem,1/7/2018,33.4035,13.6235,4.8224,8.1132,12.7523,10.8929,8.4177,4.875,3.0994
,Belem,1/8/2018,33.4581,13.6201,4.8091,8.0719,12.8385,10.8731,8.385,4.8555,3.0887
,Belem,1/9/2018,33.2567,13.9021,4.8209,8.0341,12.7352,10.8782,8.409,4.8716,3.0921
,Belem,1/10/2018,33.1338,14.0443,4.7822,7.9095,12.9117,10.8715,8.3938,4.8698,3.0834
,Belem,1/11/2018,33.126,14.1513,4.7752,7.8777,12.9185,10.8485,8.3746,4.8558,3.0724
,Belem,1/12/2018,33.1826,14.1662,4.7924,7.8937,12.881,10.722,8.4324,4.8517,3.0778
,Belem,1/1/2019,33.2623,14.0834,4.8012,8.0412,12.8304,10.6629,8.4185,4.8333,3.0668
,Fortaleza,1/1/2012,29.4595,14.0213,5.0701,8.1965,17.1501,9.6846,8.3259,4.0399,4.0522
,Fortaleza,1/2/2012,29.3907,14.0868,5.0747,8.0794,17.1612,9.6838,8.4107,4.0543,4.0585
,Fortaleza,1/3/2012,29.4356,14.0936,5.034,8.0301,17.1334,9.7516,8.4023,4.077,4.0425
,Fortaleza,1/4/2012,29.493,14.0119,5.0093,7.9454,17.2234,9.706,8.3212,4.2956,3.9944
,Fortaleza,1/5/2012,29.6379,14.0162,4.9081,7.9194,16.9958,9.7473,8.4665,4.3102,3.9986
,Fortaleza,1/6/2012,29.8015,13.8485,4.8394,8.0295,16.9098,9.7466,8.5627,4.3003,3.9617
,Fortaleza,1/7/2012,29.9739,13.7367,4.863,8.0255,16.6927,9.8129,8.6271,4.3035,3.9648
,Fortaleza,1/8/2012,30.1309,13.6847,4.8066,7.9713,16.6775,9.7799,8.7251,4.279,3.945
,Fortaleza,1/9/2012,30.3987,13.6996,4.7864,7.9563,16.5315,9.7609,8.6847,4.2525,3.9293
,Fortaleza,1/10/2012,30.8251,13.652,4.7487,7.9011,16.3921,9.7177,8.6545,4.2266,3.8822
,Fortaleza,1/11/2012,31.1347,13.5563,4.6934,7.9163,16.3247,9.6858,8.6109,4.1918,3.8862
,Fortaleza,1/12/2012,31.1682,13.5136,4.6751,7.9648,16.3284,9.6487,8.653,4.1693,3.8789
,Fortaleza,1/1/2013,31.2812,13.4674,4.6604,8.0244,16.2038,9.5905,8.7984,4.1301,3.8438
,Fortaleza,1/2/2013,31.6055,13.353,4.6419,7.7532,16.3536,9.5751,8.8025,4.1102,3.805
,Fortaleza,1/3/2013,31.9611,13.0165,4.6545,7.6958,16.4833,9.5653,8.7304,4.1112,3.7821
,Fortaleza,1/4/2013,32.1681,12.9693,4.6403,7.5627,16.3706,9.5423,8.7267,4.2623,3.7576
,Fortaleza,1/5/2013,32.3787,13.0101,4.6405,7.6018,16.1356,9.5567,8.6837,4.2809,3.7121
,Fortaleza,1/6/2013,32.4101,13.1329,4.5886,7.6037,15.9665,9.607,8.7322,4.2695,3.6894
,Fortaleza,1/7/2013,32.2049,13.1849,4.5807,7.6085,16.1094,9.6314,8.7348,4.2632,3.6821
,Fortaleza,1/8/2013,32.0844,13.3238,4.6104,7.6024,15.9925,9.6245,8.8089,4.2535,3.6998
,Fortaleza,1/9/2013,31.9882,13.2649,4.6323,7.5996,15.9682,9.689,8.8594,4.2967,3.7017
,Fortaleza,1/10/2013,32.0621,13.3102,4.6224,7.5706,15.967,9.6905,8.8177,4.2776,3.6818
,Fortaleza,1/11/2013,31.9741,13.3479,4.645,7.6195,15.9152,9.7302,8.8269,4.266,3.6753
,Fortaleza,1/12/2013,31.9161,13.382,4.6563,7.7098,15.8858,9.6559,8.9046,4.2331,3.6564
,Fortaleza,1/1/2014,31.8298,13.3099,4.6343,7.746,16.0448,9.6342,8.9385,4.2082,3.6543
,Fortaleza,1/2/2014,31.8687,13.3548,4.6564,7.6556,15.931,9.6524,9.0268,4.21,3.6442
,Fortaleza,1/3/2014,31.8281,13.4333,4.6524,7.5976,15.8217,9.7203,9.0487,4.2512,3.6467
,Fortaleza,1/4/2014,31.9009,13.4299,4.6245,7.5181,15.8237,9.6694,9.0164,4.4311,3.586
,Fortaleza,1/5/2014,32.2337,13.399,4.6913,7.4492,15.656,9.6102,8.9725,4.4347,3.5534
,Fortaleza,1/6/2014,32.3,13.6377,4.6559,7.4262,15.454,9.6148,9.0025,4.3983,3.5106
,Fortaleza,1/7/2014,32.3814,13.5968,4.6717,7.3741,15.4645,9.6097,9.0353,4.3819,3.4845
,Fortaleza,1/8/2014,32.2074,13.7719,4.6364,7.2811,15.5298,9.6409,9.0682,4.3819,3.4823
,Fortaleza,1/9/2014,32.1457,13.7593,4.5982,7.2706,15.6223,9.6519,9.0643,4.4057,3.482
,Fortaleza,1/10/2014,32.3113,13.7664,4.582,7.2398,15.5183,9.6442,9.0746,4.3863,3.477
,Fortaleza,1/11/2014,32.2798,13.7939,4.5831,7.2923,15.5042,9.6552,9.0537,4.3783,3.4596
,Fortaleza,1/12/2014,32.2128,13.9506,4.5071,7.3065,15.5668,9.6229,9.0444,4.3595,3.4294
,Fortaleza,1/1/2015,32.1316,13.8607,4.4844,7.3491,15.6907,9.6293,9.1052,4.3437,3.4054
,Fortaleza,1/2/2015,32.1526,13.8705,4.4533,7.2165,15.8321,9.5402,9.237,4.3094,3.3882
,Fortaleza,1/3/2015,32.2623,13.8742,4.4349,7.1744,15.9262,9.491,9.1689,4.3144,3.3538
,Fortaleza,1/4/2015,32.1033,14.4259,4.3862,7.0934,15.8142,9.4375,9.0434,4.4334,3.2628
,Fortaleza,1/5/2015,32.1899,14.4693,4.3585,7.0294,15.7319,9.4483,9.0858,4.4417,3.2453
,Fortaleza,1/6/2015,32.3616,14.4897,4.3261,7.019,15.5778,9.4869,9.1324,4.3824,3.2242
,Fortaleza,1/7/2015,32.3754,14.4817,4.32,6.9102,15.5613,9.4569,9.3362,4.3441,3.2142
,Fortaleza,1/8/2015,32.3879,14.437,4.3311,6.8517,15.5914,9.5012,9.3598,4.3246,3.2155
,Fortaleza,1/9/2015,32.4061,14.3735,4.3278,6.8774,15.4884,9.5841,9.3926,4.3452,3.2049
,Fortaleza,1/10/2015,32.3699,14.516,4.3494,6.8063,15.4768,9.5896,9.3808,4.3239,3.1874
,Fortaleza,1/11/2015,32.2993,14.5358,4.3584,6.7919,15.5679,9.5722,9.3947,4.3001,3.1797
,Fortaleza,1/12/2015,32.3639,14.3994,4.3213,6.7936,15.7997,9.5781,9.3262,4.2639,3.154
,Fortaleza,1/1/2016,32.5591,14.2746,4.3126,6.736,16.0273,9.4943,9.2485,4.2285,3.1191
,Fortaleza,1/2/2016,32.8424,14.2619,4.2879,6.6308,15.925,9.413,9.3691,4.1844,3.0855
,Fortaleza,1/3/2016,33.0784,14.139,4.2545,6.5415,15.8739,9.5021,9.3585,4.1845,3.0677
,Fortaleza,1/4/2016,33.1325,13.9257,4.2418,6.5439,15.8832,9.5105,9.3461,4.364,3.0524
,Fortaleza,1/5/2016,33.1469,13.9569,4.2385,6.569,15.7671,9.6259,9.3291,4.341,3.0256
,Fortaleza,1/6/2016,33.1126,14.1672,4.2693,6.5532,15.6213,9.6998,9.2714,4.3112,2.994
,Fortaleza,1/7/2016,33.1141,14.1731,4.2515,6.5415,15.624,9.7137,9.3175,4.2953,2.9692
,Fortaleza,1/8/2016,33.5035,14.0757,4.2299,6.4436,15.5169,9.7043,9.3218,4.2612,2.9431
,Fortaleza,1/9/2016,33.8267,13.904,4.2034,6.4353,15.3827,9.7022,9.3312,4.2974,2.917
,Fortaleza,1/10/2016,33.8596,14.0208,4.1589,6.391,15.3022,9.7219,9.3503,4.2875,2.9077
,Fortaleza,1/11/2016,33.9588,14.0557,4.1372,6.4249,15.2655,9.7024,9.2886,4.2685,2.8984
,Fortaleza,1/12/2016,33.7783,14.1154,4.1554,6.4877,15.1654,9.78,9.3294,4.2713,2.9169
,Fortaleza,1/1/2017,33.6743,14.0286,4.1496,6.4985,15.2493,9.7757,9.468,4.2551,2.901
,Fortaleza,1/2/2017,33.5764,13.9764,4.1294,6.4224,15.5441,9.7536,9.4484,4.2535,2.8958
,Fortaleza,1/3/2017,33.3699,13.9369,4.1352,6.342,15.8094,9.7983,9.4199,4.2746,2.9138
,Fortaleza,1/4/2017,33.2997,14.0812,4.0867,6.3099,15.6811,9.784,9.4043,4.4746,2.8785
,Fortaleza,1/5/2017,33.3628,13.8379,4.0942,6.365,15.5659,9.9174,9.4217,4.4927,2.9425
,Fortaleza,1/6/2017,32.9171,14.0944,4.0583,6.3906,15.7623,9.939,9.4081,4.482,2.9483
,Fortaleza,1/7/2017,32.874,14.0183,4.0685,6.3851,15.8106,9.9959,9.4121,4.4874,2.9481
,Fortaleza,1/8/2017,32.7638,14.3076,4.0468,6.3838,15.6789,9.996,9.4116,4.474,2.9376
,Fortaleza,1/9/2017,32.6298,14.2688,4.057,6.4259,15.7305,10.0512,9.4709,4.485,2.881
,Fortaleza,1/10/2017,32.409,14.3502,4.0323,6.4022,15.8862,10.0821,9.4781,4.4839,2.8761
,Fortaleza,1/11/2017,32.2172,14.5394,4.0224,6.4817,15.8502,10.1279,9.4259,4.4684,2.8669
,Fortaleza,1/12/2017,31.8515,14.651,4.0138,6.5505,15.9592,10.1611,9.4562,4.4863,2.8703
,Fortaleza,1/1/2018,31.827,14.6232,4.0054,6.5847,16.0267,10.1568,9.4461,4.4759,2.8543
,Fortaleza,1/2/2018,31.873,14.5234,4.0087,6.5554,16.0908,10.1513,9.4641,4.4795,2.8537
,Fortaleza,1/3/2018,31.6726,14.5529,3.992,6.4893,16.1092,10.1983,9.4641,4.6684,2.8531
,Fortaleza,1/4/2018,31.423,14.5869,3.9877,6.4947,16.2092,10.2819,9.4458,4.7292,2.8417
,Fortaleza,1/5/2018,31.3809,14.6313,3.9574,6.4728,16.2766,10.3125,9.4198,4.7154,2.8334
,Fortaleza,1/6/2018,31.1953,14.7484,3.9119,6.4048,16.5053,10.327,9.3866,4.6982,2.8224
,Fortaleza,1/7/2018,31.5814,14.7781,3.8789,6.3194,16.4694,10.2409,9.303,4.6429,2.7861
,Fortaleza,1/8/2018,31.5964,14.8739,3.8901,6.2865,16.3622,10.2148,9.3502,4.639,2.7869
,Fortaleza,1/9/2018,31.6532,14.8232,3.9013,6.276,16.1751,10.3171,9.3755,4.6865,2.7921
,Fortaleza,1/10/2018,31.6843,14.7494,3.9035,6.2243,16.3225,10.2728,9.3788,4.6834,2.781
,Fortaleza,1/11/2018,31.499,14.8838,3.9229,6.2381,16.3695,10.3217,9.3461,4.6549,2.764
,Fortaleza,1/12/2018,31.7395,14.7268,3.9705,6.2791,16.3447,10.1468,9.3626,4.6632,2.7667
,Fortaleza,1/1/2019,31.8061,14.5506,3.9918,6.3708,16.211,10.2532,9.3726,4.6782,2.7657
,Recife,1/1/2012,24.99,13.5309,5.5813,8.2697,16.3951,12.7383,9.3919,4.4909,4.612
,Recife,1/2/2012,24.9309,13.6183,5.4844,8.232,16.4228,12.7301,9.5011,4.48,4.6005
,Recife,1/3/2012,24.8191,13.6188,5.4994,8.1828,16.437,12.6718,9.4194,4.8058,4.546
,Recife,1/4/2012,24.738,13.6792,5.4496,8.0769,16.4484,12.6859,9.6242,4.7861,4.5119
,Recife,1/5/2012,24.7476,13.6583,5.3466,8.0533,16.4775,12.7086,9.7071,4.7633,4.5376
,Recife,1/6/2012,24.8433,13.7891,5.3161,8.1256,16.2975,12.6785,9.6955,4.7366,4.5177
,Recife,1/7/2012,25.0496,13.8009,5.3014,8.0664,16.0834,12.728,9.7421,4.7292,4.4991
,Recife,1/8/2012,25.279,13.7337,5.247,8.0559,16.039,12.7094,9.7419,4.7089,4.4851
,Recife,1/9/2012,25.4885,13.7026,5.2405,8.009,15.9159,12.7139,9.7639,4.7157,4.4502
,Recife,1/10/2012,25.8744,13.6644,5.1858,7.9761,15.7843,12.6545,9.776,4.6759,4.4086
,Recife,1/11/2012,26.1186,13.6177,5.1952,7.9787,15.6613,12.6196,9.7358,4.6464,4.4267
,Recife,1/12/2012,26.1549,13.6331,5.2037,7.9992,15.6747,12.5965,9.7061,4.6296,4.4021
,Recife,1/1/2013,26.1148,13.611,5.2073,7.9523,15.6742,12.5941,9.8653,4.6092,4.3718
,Recife,1/2/2013,26.3993,13.4309,5.2447,7.8453,15.7403,12.5535,9.8872,4.5762,4.3226
,Recife,1/3/2013,26.7636,13.0616,5.1906,7.8456,15.7666,12.5343,9.8088,4.7538,4.2749
,Recife,1/4/2013,26.827,13.1744,5.2115,7.8028,15.6109,12.5453,9.8195,4.7567,4.252
,Recife,1/5/2013,26.9491,13.1918,5.2392,7.845,15.4772,12.5738,9.7932,4.7211,4.2097
,Recife,1/6/2013,27.0724,13.2462,5.1971,7.8566,15.3348,12.6004,9.8217,4.691,4.1799
,Recife,1/7/2013,26.9256,13.2795,5.1734,7.9447,15.2358,12.6764,9.8971,4.6863,4.1811
,Recife,1/8/2013,26.9612,13.3021,5.2023,7.901,15.0958,12.6566,10.0224,4.6848,4.1738
,Recife,1/9/2013,26.9284,13.3296,5.1867,7.8865,15.189,12.7061,9.9167,4.6971,4.16
,Recife,1/10/2013,26.7704,13.3895,5.1734,7.9279,15.2755,12.7201,9.926,4.6748,4.1424
,Recife,1/11/2013,26.7782,13.4571,5.231,7.985,15.1991,12.674,9.9168,4.6493,4.1094
,Recife,1/12/2013,26.7808,13.3647,5.2249,8.065,15.1621,12.6417,10.0258,4.6297,4.1054
,Recife,1/1/2014,26.7527,13.3885,5.217,8.1134,15.2054,12.5664,10.051,4.6036,4.102
,Recife,1/2/2014,26.8666,13.4347,5.2138,8.0094,15.1101,12.504,10.1823,4.5913,4.0878
,Recife,1/3/2014,26.6485,13.4613,5.2401,8.0137,14.9403,12.583,10.2015,4.7718,4.1398
,Recife,1/4/2014,26.7572,13.4262,5.2242,7.9926,14.9938,12.5729,10.1983,4.7622,4.0727
,Recife,1/5/2014,26.9692,13.4469,5.1847,7.9535,14.9767,12.5784,10.1293,4.7284,4.0329
,Recife,1/6/2014,26.9649,13.8092,5.1759,7.9095,14.8724,12.5423,10.0605,4.6783,3.987
,Recife,1/7/2014,26.7969,13.7697,5.1509,7.9665,14.8368,12.5487,10.3446,4.6318,3.9541
,Recife,1/8/2014,26.9259,13.9508,5.1233,7.9055,14.8125,12.6119,10.0804,4.6385,3.9511
,Recife,1/9/2014,27.0184,13.8572,5.1489,7.9305,14.7941,12.6305,10.0585,4.6337,3.9282
,Recife,1/10/2014,27.0622,13.9649,5.1574,7.9199,14.7878,12.5736,10.0149,4.6096,3.9097
,Recife,1/11/2014,27.033,13.9866,5.152,7.9103,14.7454,12.6138,10.0706,4.5959,3.8924
,Recife,1/12/2014,26.9793,14.0168,5.1166,7.9675,14.7382,12.5995,10.1324,4.5823,3.8673
,Recife,1/1/2015,26.9659,14.0268,5.0933,8.0075,14.7408,12.618,10.1251,4.5665,3.8562
,Recife,1/2/2015,26.9309,14.1601,5.0536,7.9358,14.7841,12.6005,10.1272,4.5516,3.8563
,Recife,1/3/2015,26.8363,14.205,5.0214,7.7811,15.0308,12.4892,10.0437,4.7774,3.8152
,Recife,1/4/2015,26.928,14.2676,5.0077,7.7061,14.9741,12.4973,10.0962,4.7594,3.7635
,Recife,1/5/2015,26.9257,14.4667,4.9937,7.705,14.8657,12.4968,10.0704,4.7217,3.7544
,Recife,1/6/2015,27.0763,14.7196,4.9496,7.6233,14.814,12.5036,9.9477,4.6577,3.7082
,Recife,1/7/2015,27.1406,14.591,4.8888,7.6184,14.9588,12.5239,9.964,4.6182,3.6964
,Recife,1/8/2015,27.3532,14.5954,4.909,7.4663,14.9504,12.5282,9.9282,4.577,3.6922
,Recife,1/9/2015,27.4656,14.4271,4.9578,7.4139,14.9635,12.5392,9.9636,4.5889,3.6803
,Recife,1/10/2015,27.4264,14.4717,5.0025,7.4432,14.9384,12.5401,9.9291,4.5846,3.6639
,Recife,1/11/2015,27.4618,14.5191,4.9861,7.4187,15.0131,12.512,9.9038,4.5448,3.6407
,Recife,1/12/2015,27.5754,14.4285,4.9747,7.4275,14.9532,12.5145,9.9681,4.5262,3.632
,Recife,1/1/2016,27.7667,14.2717,4.9613,7.5006,14.9953,12.5112,9.8918,4.4919,3.6095
,Recife,1/2/2016,28.0319,14.0881,5.0032,7.3955,14.9911,12.5315,9.9246,4.4521,3.582
,Recife,1/3/2016,28.0999,13.9857,4.9524,7.4028,15.0422,12.5333,9.8604,4.5596,3.5637
,Recife,1/4/2016,28.0995,13.9529,4.9917,7.3582,15.0346,12.6134,9.8504,4.5574,3.5419
,Recife,1/5/2016,28.3103,13.8113,4.9644,7.318,14.986,12.7999,9.7468,4.5427,3.5205
,Recife,1/6/2016,28.1853,14.0169,4.9644,7.2968,14.9367,12.8552,9.7418,4.5126,3.4904
,Recife,1/7/2016,28.1228,14.1186,4.9572,7.3705,14.8153,12.9251,9.7308,4.4843,3.4755
,Recife,1/8/2016,28.2812,14.1561,4.9539,7.2829,14.8425,12.9058,9.6851,4.4492,3.4434
,Recife,1/9/2016,28.4147,14.0589,4.965,7.2576,14.7821,12.9421,9.6895,4.4546,3.4357
,Recife,1/10/2016,28.5206,14.1576,4.8961,7.248,14.6527,12.9284,9.7317,4.4475,3.4174
,Recife,1/11/2016,28.46,14.2205,4.9051,7.2317,14.6979,12.9353,9.7063,4.4376,3.4056
,Recife,1/12/2016,28.3534,14.2098,4.9775,7.2308,14.7324,12.9617,9.6876,4.4189,3.4279
,Recife,1/1/2017,28.3377,14.0953,5.0013,7.2534,14.7391,12.9552,9.7939,4.4157,3.4083
,Recife,1/2/2017,28.2777,14.057,4.9717,7.1945,14.8824,12.9659,9.7978,4.4216,3.4314
,Recife,1/3/2017,27.8785,13.9609,4.9655,7.1561,14.9812,13.0495,9.8323,4.7133,3.4627
,Recife,1/4/2017,27.9778,14.0299,4.931,7.0868,14.9508,13.0891,9.8189,4.6858,3.4299
,Recife,1/5/2017,27.8756,13.8826,4.8721,7.0626,15.2328,13.1111,9.7904,4.6656,3.5072
,Recife,1/6/2017,27.6241,14.436,4.8087,7.107,15.0765,13.1253,9.7118,4.6354,3.4751
,Recife,1/7/2017,27.5195,14.417,4.8192,7.1908,14.9834,13.1934,9.7734,4.6304,3.4729
,Recife,1/8/2017,27.5139,14.5658,4.7808,7.1568,14.9055,13.2033,9.8005,4.6087,3.4648
,Recife,1/9/2017,27.3054,14.3915,4.7798,7.1858,15.4063,13.1891,9.7646,4.5987,3.3788
,Recife,1/10/2017,27.1598,14.5122,4.7672,7.2037,15.3223,13.2268,9.8103,4.6078,3.3899
,Recife,1/11/2017,26.9343,14.8029,4.7416,7.241,15.1667,13.2726,9.8533,4.6027,3.3848
,Recife,1/12/2017,26.6959,14.9122,4.701,7.2281,15.2699,13.3171,9.9026,4.5922,3.3809
,Recife,1/1/2018,26.6919,14.8471,4.6603,7.2535,15.3703,13.309,9.9084,4.5857,3.3738
,Recife,1/2/2018,26.7444,14.6556,4.6751,7.179,15.4524,13.3482,9.9737,4.5961,3.3755
,Recife,1/3/2018,26.576,14.5659,4.6522,7.1523,15.5407,13.3948,9.9416,4.8056,3.3709
,Recife,1/4/2018,26.4976,14.6317,4.6944,7.2453,15.2734,13.5259,9.9268,4.8312,3.3736
,Recife,1/5/2018,26.4837,14.5938,4.675,7.2146,15.3213,13.6047,9.9228,4.8189,3.3653
,Recife,1/6/2018,26.2837,14.9203,4.6613,7.1714,15.3656,13.5921,9.8768,4.7897,3.3392
,Recife,1/7/2018,26.4825,15.0185,4.6167,7.1081,15.5317,13.4728,9.767,4.712,3.2909
,Recife,1/8/2018,26.4427,15.1402,4.6067,7.0766,15.507,13.4522,9.7724,4.7116,3.2907
,Recife,1/9/2018,26.5159,15.1731,4.6274,7.038,15.3302,13.5385,9.7665,4.7228,3.2876
,Recife,1/10/2018,26.5608,15.1125,4.6171,6.9864,15.3878,13.5539,9.7827,4.7197,3.2791
,Recife,1/11/2018,26.6316,14.9526,4.6226,6.9826,15.4405,13.5554,9.8232,4.7169,3.2746
,Recife,1/12/2018,26.882,14.7914,4.6646,6.9859,15.3111,13.4702,9.8966,4.7209,3.2773
,Recife,1/1/2019,26.7762,14.7587,4.6698,7.1165,15.1895,13.5638,9.9209,4.7291,3.2755
,Salvador,1/1/2012,25.2885,14.1834,5.0263,7.4612,21.1586,10.1254,8.0172,4.0359,4.7035
,Salvador,1/2/2012,25.3074,14.2695,5.0088,7.4308,21.1114,10.1051,8.0334,4.032,4.7017
,Salvador,1/3/2012,25.358,14.2715,5.0141,7.3331,20.903,10.1613,8.079,4.21,4.6699
,Salvador,1/4/2012,25.2136,14.335,4.9715,7.3185,20.9537,10.1889,8.1528,4.2172,4.6487
,Salvador,1/5/2012,25.2728,14.2956,4.8973,7.2765,20.952,10.2527,8.183,4.2126,4.6575
,Salvador,1/6/2012,25.4742,14.5708,4.8499,7.1615,20.7721,10.2464,8.1671,4.1765,4.5817
,Salvador,1/7/2012,25.7402,14.5519,4.833,7.1861,20.5265,10.2723,8.1657,4.1631,4.5613
,Salvador,1/8/2012,26.0285,14.4493,4.8392,7.1463,20.4328,10.2252,8.1965,4.1403,4.542
,Salvador,1/9/2012,26.175,14.4601,4.801,7.1342,20.3049,10.2488,8.2069,4.1499,4.5192
,Salvador,1/10/2012,26.4413,14.457,4.8517,7.1938,20.1477,10.1472,8.1283,4.1279,4.5052
,Salvador,1/11/2012,26.4696,14.4138,4.8251,7.2194,20.2691,10.0831,8.1343,4.091,4.4947
,Salvador,1/12/2012,26.4895,14.3811,4.8485,7.2391,20.4019,10.0627,8.0135,4.0721,4.4918
,Salvador,1/1/2013,26.5485,14.3665,4.7427,7.3071,20.397,10.029,8.0739,4.0559,4.4795
,Salvador,1/2/2013,26.9268,14.142,4.6643,7.2675,20.4329,10.012,8.0675,4.0375,4.4494
,Salvador,1/3/2013,27.2926,13.6276,4.6667,7.2929,20.3908,9.9966,8.0438,4.2579,4.4311
,Salvador,1/4/2013,27.4156,13.6807,4.6971,7.2684,20.1945,9.9778,8.0868,4.2685,4.4107
,Salvador,1/5/2013,27.693,13.6869,4.6945,7.1998,19.9001,10.0445,8.1384,4.2547,4.388
,Salvador,1/6/2013,27.8292,13.5281,4.7214,7.2204,19.8659,10.0971,8.1181,4.2462,4.3736
,Salvador,1/7/2013,27.7164,13.7532,4.7346,7.2195,19.8081,10.0974,8.0631,4.2325,4.3753
,Salvador,1/8/2013,27.6254,13.8648,4.7163,7.179,19.759,10.1175,8.0852,4.2344,4.4184
,Salvador,1/9/2013,27.6529,13.7961,4.7227,7.2212,19.6589,10.143,8.0824,4.3022,4.4205
,Salvador,1/10/2013,27.4732,13.8458,4.7105,7.3181,19.6716,10.1796,8.0817,4.3039,4.4156
,Salvador,1/11/2013,27.6178,13.8928,4.7467,7.407,19.3247,10.1948,8.1006,4.3028,4.4128
,Salvador,1/12/2013,27.5263,13.8819,4.7825,7.4113,19.3289,10.1712,8.186,4.2925,4.4195
,Salvador,1/1/2014,27.4746,13.6777,4.7393,7.377,19.8534,10.0749,8.1698,4.2447,4.3885
,Salvador,1/2/2014,27.5199,13.7456,4.7621,7.3398,19.8068,10.0816,8.1506,4.23,4.3636
,Salvador,1/3/2014,27.5103,13.7549,4.7679,7.2813,19.5538,10.045,8.243,4.4782,4.3655
,Salvador,1/4/2014,27.5899,13.8306,4.7572,7.1413,19.5275,10.0493,8.3069,4.4982,4.2992
,Salvador,1/5/2014,27.657,13.8204,4.7958,7.0975,19.4836,10.0811,8.343,4.4638,4.2577
,Salvador,1/6/2014,27.4906,14.06,4.7721,7.1373,19.3727,10.135,8.3357,4.4569,4.2398
,Salvador,1/7/2014,27.3811,14.1984,4.7339,7.1789,19.2331,10.143,8.5083,4.4153,4.2079
,Salvador,1/8/2014,27.6035,14.1139,4.8073,7.1805,18.9167,10.2554,8.4622,4.436,4.2245
,Salvador,1/9/2014,27.6114,14.096,4.8705,7.2272,18.8189,10.2646,8.4722,4.4231,4.2161
,Salvador,1/10/2014,27.5521,14.1879,4.8419,7.1998,19.0568,10.2048,8.4052,4.3786,4.173
,Salvador,1/11/2014,27.5803,14.1143,4.8931,7.1924,19.1336,10.2454,8.2865,4.3829,4.1714
,Salvador,1/12/2014,27.4732,14.2584,4.8506,7.135,19.1776,10.2587,8.3089,4.3797,4.158
,Salvador,1/1/2015,27.649,14.1468,4.8394,7.1579,19.1388,10.2492,8.3133,4.3657,4.1397
,Salvador,1/2/2015,27.7354,14.121,4.8111,7.0664,19.169,10.2343,8.3859,4.3451,4.1318
,Salvador,1/3/2015,27.6822,14.2081,4.7691,6.9712,19.4322,10.0769,8.2553,4.5313,4.0738
,Salvador,1/4/2015,27.7861,14.3205,4.7415,6.8768,19.38,10.0888,8.2389,4.5728,3.9946
,Salvador,1/5/2015,27.7053,14.4423,4.7296,6.9322,19.2955,10.075,8.2749,4.549,3.9962
,Salvador,1/6/2015,27.8436,14.5793,4.6989,6.8414,19.0717,10.1441,8.3267,4.5244,3.9699
,Salvador,1/7/2015,28.0208,14.4806,4.6341,6.8141,19.0679,10.1594,8.3862,4.4801,3.9568
,Salvador,1/8/2015,28.33,14.3419,4.6576,6.713,18.8846,10.2314,8.4122,4.4618,3.9676
,Salvador,1/9/2015,28.3054,14.3067,4.6323,6.714,18.9276,10.2451,8.4605,4.4534,3.9551
,Salvador,1/10/2015,28.2336,14.4029,4.6593,6.6883,18.9049,10.2531,8.4653,4.4436,3.949
,Salvador,1/11/2015,28.1613,14.5383,4.6401,6.7203,18.933,10.2434,8.4049,4.416,3.9428
,Salvador,1/12/2015,28.5107,14.3994,4.5607,6.6933,18.9442,10.1859,8.3901,4.3776,3.9382
,Salvador,1/1/2016,28.6107,14.3679,4.5284,6.7627,18.9544,10.1283,8.4013,4.3447,3.9016
,Salvador,1/2/2016,28.9684,14.3835,4.4954,6.6423,18.9215,10.0718,8.3673,4.2984,3.8514
,Salvador,1/3/2016,29.2951,14.1989,4.472,6.6427,18.7399,10.0429,8.2965,4.5128,3.7991
,Salvador,1/4/2016,29.4373,14.0099,4.4592,6.649,18.6791,10.1551,8.3445,4.5431,3.7228
,Salvador,1/5/2016,29.5468,13.9476,4.4246,6.6362,18.4644,10.3101,8.3287,4.5352,3.8064
,Salvador,1/6/2016,29.435,14.0724,4.4257,6.6367,18.4628,10.4106,8.2897,4.5037,3.7634
,Salvador,1/7/2016,29.6524,14.2506,4.4327,6.5971,18.081,10.4551,8.3091,4.4768,3.7451
,Salvador,1/8/2016,29.8548,14.2277,4.414,6.4862,18.1352,10.4297,8.3227,4.4261,3.7036
,Salvador,1/9/2016,29.8499,14.1252,4.4366,6.5342,18.1115,10.4924,8.3142,4.4341,3.7018
,Salvador,1/10/2016,29.9591,14.2874,4.4333,6.5134,17.7746,10.535,8.3399,4.4429,3.7145
,Salvador,1/11/2016,29.6991,14.3224,4.4268,6.554,18.0979,10.504,8.2943,4.4119,3.6895
,Salvador,1/12/2016,29.5436,14.4187,4.4435,6.5283,17.9891,10.5946,8.3618,4.4268,3.6936
,Salvador,1/1/2017,29.3621,14.3439,4.4635,6.5832,18.1004,10.621,8.4151,4.4229,3.6879
,Salvador,1/2/2017,29.4943,14.304,4.389,6.5047,18.1768,10.594,8.4357,4.4196,3.6819
,Salvador,1/3/2017,29.0429,14.241,4.4135,6.4892,18.4729,10.5684,8.378,4.7122,3.6819
,Salvador,1/4/2017,29.0046,14.3893,4.3764,6.4703,18.3639,10.6108,8.4031,4.7202,3.6613
,Salvador,1/5/2017,29.1363,14.2561,4.3679,6.4574,18.2549,10.7114,8.4086,4.7271,3.6803
,Salvador,1/6/2017,28.8817,14.5736,4.3389,6.4893,18.1219,10.7686,8.4378,4.7099,3.6784
,Salvador,1/7/2017,28.9825,14.7625,4.3311,6.5379,17.7706,10.7847,8.4579,4.7034,3.6693
,Salvador,1/8/2017,29.0069,14.8438,4.2758,6.4882,17.8145,10.7761,8.4554,4.6922,3.6471
,Salvador,1/9/2017,29.0824,14.6451,4.2503,6.543,17.8615,10.7798,8.4888,4.704,3.6451
,Salvador,1/10/2017,28.7494,14.7674,4.2464,6.5351,18.0328,10.8209,8.4985,4.6929,3.6566
,Salvador,1/11/2017,28.7163,14.9052,4.1892,6.506,18.0611,10.796,8.4912,4.6729,3.6621
,Salvador,1/12/2017,28.2553,15.0328,4.1928,6.5704,18.1437,10.8725,8.5621,4.6921,3.6784
,Salvador,1/1/2018,28.1307,14.8737,4.2031,6.6488,18.2673,10.9115,8.5916,4.7038,3.6696
,Salvador,1/2/2018,28.1958,14.6208,4.216,6.6048,18.4893,10.9017,8.5963,4.7034,3.6719
,Salvador,1/3/2018,27.9227,14.5965,4.1692,6.5479,18.8358,10.8671,8.539,4.8674,3.6544
,Salvador,1/4/2018,27.7257,14.6702,4.1706,6.5167,18.786,11.002,8.5601,4.9081,3.6605
,Salvador,1/5/2018,27.8176,14.7224,4.2007,6.5041,18.6,11.0617,8.5491,4.9028,3.6416
,Salvador,1/6/2018,27.6912,14.9941,4.1806,6.4567,18.7645,10.9823,8.4746,4.8529,3.6031
,Salvador,1/7/2018,27.9548,15.238,4.1465,6.3912,18.5757,10.9263,8.4079,4.7938,3.5657
,Salvador,1/8/2018,27.7707,15.3732,4.1493,6.3615,18.706,10.9022,8.3977,4.7882,3.5512
,Salvador,1/9/2018,27.641,15.4037,4.2187,6.4307,18.5681,10.9215,8.4445,4.811,3.561
,Salvador,1/10/2018,27.6352,15.3793,4.2257,6.4142,18.6834,10.8936,8.4381,4.7911,3.5393
,Salvador,1/11/2018,27.6847,15.287,4.2335,6.4134,18.7615,10.9074,8.4126,4.7748,3.5252
,Salvador,1/12/2018,27.9809,15.2104,4.2835,6.3549,18.5489,10.8283,8.4694,4.7862,3.5376
,Salvador,1/1/2019,28.3417,15.0628,4.2514,6.4185,18.3407,10.839,8.4523,4.7734,3.5203
,Belo Horizonte,1/1/2012,20.8404,15.2827,5.4319,6.8392,20.6097,10.8586,10.9285,4.2381,4.9709
,Belo Horizonte,1/2/2012,20.82,15.2782,5.3767,6.8202,20.7737,10.815,10.9382,4.2258,4.9522
,Belo Horizonte,1/3/2012,20.8294,15.2924,5.3464,6.7554,20.5801,10.7851,11.0015,4.4912,4.9185
,Belo Horizonte,1/4/2012,20.8221,15.2463,5.34,6.6914,20.5576,10.8076,11.1718,4.4816,4.8816
,Belo Horizonte,1/5/2012,20.7508,15.3113,5.3087,6.6897,20.4901,10.82,11.3173,4.4542,4.8578
,Belo Horizonte,1/6/2012,20.8161,15.4486,5.2539,6.7156,20.3021,10.8169,11.4399,4.4239,4.7831
,Belo Horizonte,1/7/2012,20.8486,15.5458,5.2843,6.7405,20.0203,10.8234,11.5363,4.4247,4.776
,Belo Horizonte,1/8/2012,20.9785,15.584,5.2715,6.7652,19.8105,10.8271,11.5886,4.4137,4.7608
,Belo Horizonte,1/9/2012,21.1063,15.561,5.2437,6.8182,19.7669,10.8291,11.503,4.4223,4.7495
,Belo Horizonte,1/10/2012,21.304,15.5723,5.2431,6.8418,19.5105,10.79,11.611,4.3984,4.7289
,Belo Horizonte,1/11/2012,21.4517,15.5282,5.1884,6.8843,19.5863,10.7917,11.4609,4.3807,4.7278
,Belo Horizonte,1/12/2012,21.4833,15.5292,5.1883,6.9848,19.4832,10.7789,11.459,4.3658,4.7275
,Belo Horizonte,1/1/2013,21.4823,15.4957,5.1508,7.0492,19.4816,10.7794,11.5102,4.3488,4.7019
,Belo Horizonte,1/2/2013,21.5925,15.4111,5.1691,6.9463,19.5051,10.7596,11.6125,4.3324,4.6714
,Belo Horizonte,1/3/2013,21.7773,14.9191,5.1357,6.9242,19.6438,10.7409,11.635,4.5834,4.6406
,Belo Horizonte,1/4/2013,21.984,14.9414,5.1271,6.9189,19.4545,10.7008,11.6939,4.5591,4.6204
,Belo Horizonte,1/5/2013,22.0533,14.9617,5.1097,6.9295,19.3382,10.7282,11.7765,4.5292,4.5737
,Belo Horizonte,1/6/2013,22.0098,15.1157,5.1056,6.9864,19.208,10.7769,11.7373,4.5188,4.5416
,Belo Horizonte,1/7/2013,22.0344,15.1675,5.0748,6.9684,19.1345,10.8173,11.7348,4.5138,4.5544
,Belo Horizonte,1/8/2013,21.9797,15.1949,5.0821,6.9551,18.9949,10.8501,11.8332,4.5201,4.59
,Belo Horizonte,1/9/2013,21.8582,15.2532,5.1496,6.9354,18.9023,10.8942,11.8772,4.5387,4.5912
,Belo Horizonte,1/10/2013,21.8495,15.2785,5.1874,6.9243,18.8206,10.9258,11.9122,4.5366,4.565
,Belo Horizonte,1/11/2013,21.93,15.2971,5.211,6.9613,18.7182,10.9204,11.8896,4.5189,4.5535
,Belo Horizonte,1/12/2013,21.9363,15.3099,5.2308,6.9833,18.6104,10.925,11.9561,4.4982,4.5499
,Belo Horizonte,1/1/2014,21.9032,15.2624,5.2455,6.9923,18.7173,10.8951,11.961,4.4705,4.5526
,Belo Horizonte,1/2/2014,21.8498,15.262,5.2261,6.9946,18.6807,10.9151,12.0785,4.4629,4.5304
,Belo Horizonte,1/3/2014,21.9453,15.2316,5.2113,6.979,18.4525,10.8908,12.0489,4.7463,4.4943
,Belo Horizonte,1/4/2014,22.1278,15.152,5.2545,6.9245,18.462,10.8764,12.0461,4.7327,4.424
,Belo Horizonte,1/5/2014,22.1414,15.3847,5.1898,6.9368,18.3844,10.8539,12.0233,4.6913,4.3945
,Belo Horizonte,1/6/2014,22.089,15.5181,5.1703,6.9686,18.3144,10.8568,12.0455,4.6706,4.3666
,Belo Horizonte,1/7/2014,22.0829,15.5064,5.1969,6.9431,18.2473,10.8328,12.1991,4.6461,4.3455
,Belo Horizonte,1/8/2014,22.1082,15.5444,5.2255,6.952,18.1476,10.8865,12.1532,4.6412,4.3415
,Belo Horizonte,1/9/2014,22.0815,15.5052,5.2751,6.9198,18.1464,10.9439,12.1249,4.6519,4.3512
,Belo Horizonte,1/10/2014,22.1699,15.5646,5.275,6.9117,18.0562,10.9097,12.1403,4.6354,4.3372
,Belo Horizonte,1/11/2014,22.1727,15.6134,5.2762,6.9175,18.0071,10.9117,12.1556,4.626,4.3198
,Belo Horizonte,1/12/2014,22.1638,15.615,5.2595,6.9377,17.9946,10.931,12.1769,4.6176,4.3039
,Belo Horizonte,1/1/2015,22.1509,15.5463,5.2673,6.8791,18.1285,10.9423,12.1869,4.609,4.2897
,Belo Horizonte,1/2/2015,22.0708,15.7633,5.2123,6.7732,18.1821,10.8561,12.2986,4.5736,4.27
,Belo Horizonte,1/3/2015,22.0119,15.6354,5.1661,6.6541,18.3221,10.808,12.3138,4.8604,4.2283
,Belo Horizonte,1/4/2015,21.9735,16.1822,5.0978,6.6072,18.3241,10.7059,12.213,4.7939,4.1025
,Belo Horizonte,1/5/2015,22.0377,16.2693,5.1426,6.6084,18.1857,10.7712,12.1266,4.7683,4.0902
,Belo Horizonte,1/6/2015,22.1259,16.4849,5.1304,6.5848,17.9954,10.7954,12.0825,4.7357,4.0651
,Belo Horizonte,1/7/2015,22.165,16.5565,5.1205,6.5583,17.883,10.8174,12.1274,4.7157,4.0563
,Belo Horizonte,1/8/2015,22.3079,16.5704,5.1179,6.5603,17.718,10.828,12.1634,4.6853,4.0488
,Belo Horizonte,1/9/2015,22.1557,16.5561,5.1146,6.5526,17.7936,10.8532,12.23,4.6906,4.0537
,Belo Horizonte,1/10/2015,22.0887,16.6784,5.0956,6.5382,17.8014,10.878,12.2068,4.6777,4.0352
,Belo Horizonte,1/11/2015,22.0306,16.6428,5.0767,6.5441,17.9401,10.8714,12.2032,4.6543,4.0367
,Belo Horizonte,1/12/2015,22.1491,16.5089,5.0833,6.5011,18.0983,10.8255,12.1447,4.6272,4.0621
,Belo Horizonte,1/1/2016,22.2447,16.3997,5.0458,6.5254,18.1571,10.8279,12.1416,4.6146,4.0433
,Belo Horizonte,1/2/2016,22.3242,16.2933,5.0389,6.4224,18.3101,10.8425,12.18,4.5807,4.008
,Belo Horizonte,1/3/2016,22.3184,16.1864,5.0312,6.3685,18.3121,10.7901,12.1399,4.8418,4.0115
,Belo Horizonte,1/4/2016,22.6242,15.9722,5.0439,6.39,18.2831,10.8207,12.0631,4.8513,3.9514
,Belo Horizonte,1/5/2016,22.9701,15.721,5.0404,6.3341,18.1577,10.9649,12.0508,4.8277,3.9334
,Belo Horizonte,1/6/2016,23.0875,15.8934,5.0316,6.2797,17.8739,11.0331,12.1055,4.7904,3.9049
,Belo Horizonte,1/7/2016,23.1479,16.0366,5.0476,6.2933,17.7113,11.033,12.0982,4.7577,3.8744
,Belo Horizonte,1/8/2016,23.4343,15.9427,5.0409,6.2888,17.5908,11.013,12.1211,4.7236,3.8449
,Belo Horizonte,1/9/2016,23.4227,15.9148,5.0553,6.2404,17.5845,11.0545,12.1564,4.7403,3.831
,Belo Horizonte,1/10/2016,23.3108,16.0388,5.0418,6.2905,17.4435,11.1073,12.1663,4.7561,3.8449
,Belo Horizonte,1/11/2016,23.1873,16.091,5.019,6.2584,17.5532,11.1313,12.1731,4.7475,3.8393
,Belo Horizonte,1/12/2016,23.0362,16.1441,5.0234,6.2281,17.5352,11.1953,12.2492,4.7523,3.8362
,Belo Horizonte,1/1/2017,22.8909,16.007,4.9604,6.2836,17.6924,11.2499,12.339,4.7474,3.8295
,Belo Horizonte,1/2/2017,22.6985,16.0177,4.9581,6.2271,17.9378,11.2677,12.3339,4.7277,3.8315
,Belo Horizonte,1/3/2017,22.5811,16.0048,4.8987,6.2061,17.8447,11.2608,12.3312,5.0233,3.8493
,Belo Horizonte,1/4/2017,22.4984,16.2268,4.9157,6.1792,17.6707,11.3078,12.3512,5.0303,3.8199
,Belo Horizonte,1/5/2017,22.5932,16.0157,4.9199,6.2033,17.6203,11.377,12.3924,5.0359,3.8423
,Belo Horizonte,1/6/2017,22.584,16.177,4.9131,6.2389,17.4845,11.3916,12.3633,5.022,3.8257
,Belo Horizonte,1/7/2017,22.6158,15.8757,4.9268,6.2931,17.4691,11.4954,12.4364,5.0455,3.8422
,Belo Horizonte,1/8/2017,22.4755,16.1161,4.9137,6.2229,17.4363,11.5305,12.4469,5.0289,3.8291
,Belo Horizonte,1/9/2017,22.0531,16.2273,4.916,6.2467,17.7515,11.5473,12.4447,5.0009,3.8125
,Belo Horizonte,1/10/2017,21.8988,16.2216,4.8984,6.2594,17.8771,11.5712,12.4499,4.9979,3.8259
,Belo Horizonte,1/11/2017,21.7392,16.4118,4.8886,6.2532,17.9007,11.5752,12.4224,4.9755,3.8334
,Belo Horizonte,1/12/2017,21.5493,16.6037,4.8588,6.2383,17.8378,11.6037,12.4597,4.9933,3.8554
,Belo Horizonte,1/1/2018,21.5266,16.4098,4.8852,6.2484,18.0049,11.6261,12.4723,4.9859,3.8407
,Belo Horizonte,1/2/2018,21.4945,16.1326,4.8469,6.1856,18.4097,11.6198,12.4849,4.9876,3.8384
,Belo Horizonte,1/3/2018,21.3515,16.0923,4.8447,6.142,18.4723,11.6388,12.499,5.13,3.8293
,Belo Horizonte,1/4/2018,21.3258,16.1509,4.8509,6.1607,18.4424,11.6752,12.4578,5.1344,3.8019
,Belo Horizonte,1/5/2018,21.3961,16.0744,4.8498,6.2184,18.3651,11.7189,12.4684,5.1221,3.7869
,Belo Horizonte,1/6/2018,21.3245,16.0136,4.8417,6.2474,18.3993,11.8061,12.4688,5.1188,3.7798
,Belo Horizonte,1/7/2018,21.5205,16.4764,4.7902,6.1092,18.4346,11.623,12.3142,5.027,3.7049
,Belo Horizonte,1/8/2018,21.4294,16.6798,4.7986,6.0799,18.3532,11.6141,12.3226,5.016,3.7064
,Belo Horizonte,1/9/2018,21.3156,16.8644,4.8369,6.0693,18.1918,11.6428,12.3705,5.0007,3.7079
,Belo Horizonte,1/10/2018,21.354,16.616,4.837,6.0384,18.4612,11.6267,12.3707,4.9959,3.7001
,Belo Horizonte,1/11/2018,21.4587,16.5005,4.831,6.0248,18.5111,11.6273,12.3797,4.9829,3.684
,Belo Horizonte,1/12/2018,21.5423,16.5073,4.8473,6.0345,18.3933,11.5697,12.4228,4.9989,3.684
,Belo Horizonte,1/1/2019,21.4834,16.5967,4.9016,6.0579,18.1421,11.6597,12.4639,5.007,3.6876
,Rio de Janeiro,1/1/2012,22.337,16.4162,3.9737,5.1904,18.7586,11.7389,10.7315,4.7693,6.0844
,Rio de Janeiro,1/2/2012,22.261,16.303,3.9681,5.1305,19.1593,11.6993,10.7084,4.7312,6.0392
,Rio de Janeiro,1/3/2012,22.1364,16.3298,3.9527,5.0602,19.0575,11.6562,10.8791,4.9666,5.9615
,Rio de Janeiro,1/4/2012,22.222,16.4369,3.9012,5.0789,19.0167,11.696,10.7205,4.9826,5.9453
,Rio de Janeiro,1/5/2012,22.0515,16.4451,3.8734,5.0515,18.9394,11.6863,11.0778,4.9422,5.9329
,Rio de Janeiro,1/6/2012,22.0925,16.5824,3.8857,5.0807,18.839,11.7888,10.9169,4.9404,5.8734
,Rio de Janeiro,1/7/2012,22.379,16.5533,3.8548,5.0945,18.6836,11.8277,10.8233,4.9285,5.8553
,Rio de Janeiro,1/8/2012,22.5561,16.503,3.8474,5.0907,18.588,11.7792,10.9005,4.8999,5.8352
,Rio de Janeiro,1/9/2012,22.6873,16.5938,3.8423,5.1059,18.4797,11.7635,10.8306,4.8907,5.8062
,Rio de Janeiro,1/10/2012,22.8454,16.5311,3.8152,5.1162,18.3962,11.7558,10.929,4.8508,5.7604
,Rio de Janeiro,1/11/2012,23.0292,16.4962,3.8008,5.1439,18.3375,11.796,10.8472,4.8308,5.7183
,Rio de Janeiro,1/12/2012,22.7583,16.7433,3.7671,5.1755,18.3135,11.805,10.9166,4.8147,5.7059
,Rio de Janeiro,1/1/2013,22.7693,16.6872,3.7304,5.1516,18.2541,11.7068,11.2924,4.7711,5.6372
,Rio de Janeiro,1/2/2013,22.8333,16.6268,3.7897,5.1548,18.3087,11.7563,11.1713,4.7559,5.6031
,Rio de Janeiro,1/3/2013,23.0161,16.2391,3.7806,5.0974,18.3012,11.8186,11.1669,4.9883,5.5918
,Rio de Janeiro,1/4/2013,23.3871,16.1755,3.764,5.0656,18.1053,11.8075,11.1151,4.9859,5.594
,Rio de Janeiro,1/5/2013,23.4567,16.2031,3.7278,5.0847,18.0466,11.905,11.076,4.9649,5.5352
,Rio de Janeiro,1/6/2013,23.3956,16.3361,3.7358,5.0791,17.951,11.9886,11.0884,4.9359,5.4895
,Rio de Janeiro,1/7/2013,23.486,16.2319,3.7021,5.0931,18.0548,11.936,11.116,4.9123,5.4678
,Rio de Janeiro,1/8/2013,23.5142,16.2444,3.733,5.0971,17.8136,11.9895,11.2174,4.9205,5.4702
,Rio de Janeiro,1/9/2013,23.4607,16.3221,3.7699,5.0642,17.7608,11.9905,11.2333,4.936,5.4625
,Rio de Janeiro,1/10/2013,23.4822,16.3793,3.7899,5.0664,17.7619,12.0142,11.1439,4.9227,5.4396
,Rio de Janeiro,1/11/2013,23.6273,16.3356,3.7828,5.0825,17.7349,12.0061,11.1155,4.9051,5.4103
,Rio de Janeiro,1/12/2013,23.4644,16.5062,3.7649,5.0688,17.6633,11.9753,11.2675,4.8899,5.3997
,Rio de Janeiro,1/1/2014,23.4508,16.4725,3.7925,5.1031,17.7423,11.8925,11.3205,4.8387,5.3872
,Rio de Janeiro,1/2/2014,23.5242,16.4338,3.7492,5.0747,17.6821,11.8865,11.4489,4.8315,5.3689
,Rio de Janeiro,1/3/2014,23.3673,16.5101,3.7214,4.9989,17.6858,11.8563,11.3938,5.148,5.3185
,Rio de Janeiro,1/4/2014,23.6083,16.278,3.7022,4.9543,17.8826,11.7473,11.5707,5.0982,5.1584
,Rio de Janeiro,1/5/2014,23.7808,16.2744,3.7224,4.9823,17.8266,11.7809,11.4102,5.0765,5.1458
,Rio de Janeiro,1/6/2014,23.8258,16.3732,3.7681,4.9947,17.6255,11.8543,11.3611,5.0588,5.1385
,Rio de Janeiro,1/7/2014,23.8818,16.2305,3.7655,5.0104,17.7525,11.8644,11.3404,5.0406,5.1138
,Rio de Janeiro,1/8/2014,23.8732,16.2883,3.7939,5.0472,17.4384,11.9167,11.4769,5.0491,5.1162
,Rio de Janeiro,1/9/2014,23.9048,16.3695,3.8267,4.9812,17.3849,11.9281,11.4819,5.0253,5.0975
,Rio de Janeiro,1/10/2014,23.9617,16.3337,3.8296,4.9814,17.4432,11.9339,11.4073,5.011,5.0981
,Rio de Janeiro,1/11/2014,23.9223,16.4377,3.7954,4.9707,17.4227,11.9351,11.4475,4.9968,5.0718
,Rio de Janeiro,1/12/2014,23.8066,16.7043,3.8122,4.9447,17.3695,11.9272,11.4067,4.9774,5.0514
,Rio de Janeiro,1/1/2015,23.979,16.6602,3.7516,4.987,17.4889,11.809,11.4218,4.9155,4.9871
,Rio de Janeiro,1/2/2015,23.8497,16.7658,3.6779,4.8572,17.9123,11.6576,11.5148,4.8572,4.9076
,Rio de Janeiro,1/3/2015,23.8192,16.7331,3.6448,4.7723,17.8463,11.6146,11.5994,5.1296,4.8407
,Rio de Janeiro,1/4/2015,23.6721,17.5089,3.6185,4.7562,17.6514,11.592,11.416,5.0763,4.7086
,Rio de Janeiro,1/5/2015,23.7051,17.6082,3.6025,4.7647,17.6915,11.5942,11.3047,5.0367,4.6923
,Rio de Janeiro,1/6/2015,23.8655,17.7292,3.6028,4.7338,17.4665,11.6938,11.2044,5.0186,4.6853
,Rio de Janeiro,1/7/2015,23.8168,17.7342,3.5715,4.7502,17.4938,11.7016,11.2813,5.0066,4.6439
,Rio de Janeiro,1/8/2015,23.9666,17.654,3.5989,4.7103,17.3909,11.7996,11.2848,4.982,4.6129
,Rio de Janeiro,1/9/2015,23.9131,17.7605,3.577,4.7011,17.2615,11.8531,11.3096,5.0003,4.6239
,Rio de Janeiro,1/10/2015,23.9441,17.7447,3.5411,4.6931,17.2915,11.8501,11.3523,4.9881,4.5951
,Rio de Janeiro,1/11/2015,23.8791,17.7317,3.5345,4.7166,17.4001,11.8294,11.3679,4.9619,4.5789
,Rio de Janeiro,1/12/2015,24.0265,17.9331,3.4981,4.6867,17.282,11.769,11.3265,4.9139,4.5642
,Rio de Janeiro,1/1/2016,24.1624,17.9339,3.4837,4.6581,17.3249,11.7156,11.3433,4.8703,4.5078
,Rio de Janeiro,1/2/2016,24.2587,17.7272,3.4432,4.5465,17.7763,11.5589,11.4161,4.8327,4.4405
,Rio de Janeiro,1/3/2016,24.3393,17.5369,3.4502,4.4831,17.649,11.5502,11.4002,5.1466,4.4445
,Rio de Janeiro,1/4/2016,24.349,17.478,3.4751,4.5093,17.6273,11.6299,11.4571,5.1468,4.3276
,Rio de Janeiro,1/5/2016,24.4798,17.2626,3.462,4.5019,17.5806,11.822,11.3851,5.1334,4.3725
,Rio de Janeiro,1/6/2016,24.4937,17.2827,3.4802,4.5285,17.3493,11.9756,11.4284,5.1138,4.3478
,Rio de Janeiro,1/7/2016,24.5298,17.2625,3.4724,4.5354,17.2901,12.0735,11.4053,5.0974,4.3336
,Rio de Janeiro,1/8/2016,24.7289,17.1408,3.4638,4.4787,17.2825,12.0789,11.4515,5.0648,4.3102
,Rio de Janeiro,1/9/2016,24.7526,17.1267,3.448,4.405,17.1747,12.0329,11.7434,5.0529,4.2638
,Rio de Janeiro,1/10/2016,24.6318,17.2161,3.4699,4.4175,17.1328,12.1127,11.693,5.0626,4.2637
,Rio de Janeiro,1/11/2016,24.5554,17.3652,3.4414,4.4453,17.1446,12.1858,11.5573,5.0528,4.2521
,Rio de Janeiro,1/12/2016,24.5641,17.2412,3.4361,4.4698,17.2057,12.257,11.5144,5.0476,4.264
,Rio de Janeiro,1/1/2017,24.369,17.0535,3.3971,4.4625,17.4571,12.2832,11.6688,5.0517,4.2571
,Rio de Janeiro,1/2/2017,24.2856,17.0965,3.4075,4.4714,17.4744,12.2579,11.6775,5.0621,4.267
,Rio de Janeiro,1/3/2017,24.0865,17.1088,3.3702,4.4238,17.4639,12.2859,11.6425,5.3466,4.2718
,Rio de Janeiro,1/4/2017,24.0022,17.3235,3.3533,4.382,17.3525,12.3819,11.6455,5.3368,4.2224
,Rio de Janeiro,1/5/2017,24.0434,17.2853,3.3131,4.3885,17.4111,12.447,11.5798,5.3246,4.207
,Rio de Janeiro,1/6/2017,23.9818,17.5163,3.3042,4.4191,17.2364,12.4792,11.5532,5.3158,4.194
,Rio de Janeiro,1/7/2017,23.9408,17.4402,3.3,4.4551,17.2559,12.5303,11.5656,5.3121,4.2
,Rio de Janeiro,1/8/2017,23.8161,17.5808,3.2884,4.3939,17.2878,12.5677,11.5531,5.3125,4.1996
,Rio de Janeiro,1/9/2017,23.5872,17.6919,3.3106,4.4141,17.3329,12.5913,11.5587,5.317,4.1964
,Rio de Janeiro,1/10/2017,23.6335,17.5849,3.3009,4.3994,17.3276,12.6199,11.6092,5.3147,4.2098
,Rio de Janeiro,1/11/2017,23.405,17.5756,3.2755,4.4277,17.428,12.7,11.6596,5.3083,4.2202
,Rio de Janeiro,1/12/2017,23.4089,17.7286,3.2298,4.4376,17.2263,12.7513,11.691,5.2965,4.2299
,Rio de Janeiro,1/1/2018,23.4376,17.6267,3.2142,4.4807,17.2416,12.7785,11.7395,5.2757,4.2055
,Rio de Janeiro,1/2/2018,23.4954,17.4831,3.2114,4.4204,17.3589,12.8255,11.7323,5.2746,4.1985
,Rio de Janeiro,1/3/2018,23.3999,17.4023,3.191,4.3536,17.551,12.7799,11.6867,5.4733,4.1624
,Rio de Janeiro,1/4/2018,23.3251,17.6359,3.184,4.3485,17.4759,12.7795,11.6441,5.4645,4.1426
,Rio de Janeiro,1/5/2018,23.1748,17.7451,3.1608,4.372,17.4374,12.8822,11.6318,5.465,4.1309
,Rio de Janeiro,1/6/2018,23.1799,17.7683,3.1484,4.4006,17.4272,12.9289,11.546,5.4575,4.1433
,Rio de Janeiro,1/7/2018,23.4784,17.9048,3.138,4.3225,17.451,12.8314,11.3937,5.3872,4.0931
,Rio de Janeiro,1/8/2018,23.3091,17.8834,3.1521,4.2715,17.8379,12.7649,11.3667,5.3494,4.065
,Rio de Janeiro,1/9/2018,23.2509,17.8847,3.1872,4.2902,17.6341,12.8939,11.4088,5.3695,4.0807
,Rio de Janeiro,1/10/2018,23.175,17.8695,3.1634,4.2842,17.7864,12.913,11.3891,5.355,4.0644
,Rio de Janeiro,1/11/2018,23.114,17.8194,3.1825,4.2979,17.8573,12.9568,11.369,5.3473,4.0557
,Rio de Janeiro,1/12/2018,23.1947,17.7164,3.2015,4.2616,17.8513,12.9119,11.449,5.3565,4.0571
,Rio de Janeiro,1/1/2019,23.2304,17.5944,3.2136,4.3293,17.9011,12.9021,11.432,5.3528,4.0442
,São Paulo,1/1/2012,21.8455,14.2576,4.1526,5.9505,22.4153,11.3372,10.3807,4.6704,4.9902
,São Paulo,1/2/2012,21.9321,14.2402,4.1758,5.9413,22.3429,11.3264,10.4129,4.6506,4.9779
,São Paulo,1/3/2012,21.8687,14.2279,4.1627,5.9293,22.1657,11.3744,10.4018,4.917,4.9525
,São Paulo,1/4/2012,21.8491,14.2758,4.1206,5.8513,22.1674,11.4287,10.4507,4.9373,4.9191
,São Paulo,1/5/2012,21.8407,14.2865,4.0391,5.9074,22.0593,11.4707,10.5854,4.9055,4.9054
,São Paulo,1/6/2012,21.9755,14.2779,4.0411,5.9535,21.8071,11.503,10.6443,4.8946,4.9031
,São Paulo,1/7/2012,22.1384,14.328,4.0149,6.0004,21.4782,11.5352,10.7069,4.8961,4.9019
,São Paulo,1/8/2012,22.2654,14.3771,3.9886,5.9381,21.3626,11.5488,10.7541,4.8841,4.8812
,São Paulo,1/9/2012,22.3832,14.2685,4.0033,5.8975,21.3088,11.5664,10.8172,4.8887,4.8664
,São Paulo,1/10/2012,22.5449,14.3099,3.9625,5.9395,21.1896,11.5389,10.8078,4.8675,4.8394
,São Paulo,1/11/2012,22.6773,14.3121,3.9797,5.9826,21.0517,11.535,10.7876,4.8465,4.8274
,São Paulo,1/12/2012,22.6974,14.3199,3.9871,5.9803,21.057,11.5383,10.7787,4.8247,4.8166
,São Paulo,1/1/2013,22.672,14.3394,3.9973,5.9931,21.1371,11.5113,10.753,4.8036,4.7932
,São Paulo,1/2/2013,22.8879,14.2103,4.0186,5.8852,21.0736,11.4947,10.9259,4.7647,4.7392
,São Paulo,1/3/2013,23.0395,13.8269,4.037,5.8942,21.0552,11.4901,10.9277,5.0198,4.7096
,São Paulo,1/4/2013,23.0883,13.8237,3.9914,5.88,21.0358,11.4917,10.9774,5.0216,4.6901
,São Paulo,1/5/2013,23.1348,13.7945,4.0086,5.8872,20.9462,11.5853,10.9991,4.9998,4.6444
,São Paulo,1/6/2013,23.1768,13.8341,4.0099,5.903,20.7875,11.657,10.9888,4.9864,4.6565
,São Paulo,1/7/2013,23.1955,13.8755,4.0002,5.9173,20.7695,11.639,10.9912,4.9777,4.6341
,São Paulo,1/8/2013,23.1804,13.9623,3.9995,5.8721,20.5882,11.6683,11.1194,4.978,4.6318
,São Paulo,1/9/2013,23.2129,13.9849,4.0128,5.8571,20.4709,11.702,11.156,4.9848,4.6186
,São Paulo,1/10/2013,23.2045,14.0096,4.0218,5.8762,20.4933,11.6944,11.1337,4.9683,4.598
,São Paulo,1/11/2013,23.3512,13.9763,4.0321,5.94,20.399,11.6773,11.1111,4.944,4.569
,São Paulo,1/12/2013,23.393,13.9849,4.0067,5.9575,20.3627,11.7009,11.101,4.9236,4.5699
,São Paulo,1/1/2014,23.31,13.9612,4.0421,5.9474,20.5514,11.6449,11.1007,4.88,4.5622
,São Paulo,1/2/2014,23.2704,13.9825,4.0386,5.9047,20.4565,11.662,11.2615,4.8805,4.5431
,São Paulo,1/3/2014,23.3234,13.9314,4.0737,5.8301,20.3499,11.6467,11.217,5.1274,4.5004
,São Paulo,1/4/2014,23.551,13.8394,4.0254,5.8352,20.4786,11.5802,11.1852,5.093,4.4122
,São Paulo,1/5/2014,23.6354,13.8722,3.9816,5.7935,20.4124,11.6597,11.1897,5.0662,4.3891
,São Paulo,1/6/2014,23.8172,13.6183,4.0407,5.8507,20.18,11.7633,11.2855,5.0603,4.384
,São Paulo,1/7/2014,23.7318,13.6749,4.0423,5.8407,20.1228,11.7913,11.3884,5.0432,4.3646
,São Paulo,1/8/2014,23.7673,13.9227,4.0871,5.792,19.9426,11.8238,11.3956,5.0295,4.2394
,São Paulo,1/9/2014,23.6501,14.0612,4.0881,5.7589,19.9492,11.8351,11.374,5.0489,4.2345
,São Paulo,1/10/2014,23.7642,14.0185,4.0767,5.778,19.9619,11.7889,11.3873,5.0243,4.2003
,São Paulo,1/11/2014,23.7213,14.0602,4.0644,5.812,19.9866,11.7996,11.3667,5.0075,4.1817
,São Paulo,1/12/2014,23.7661,14.0611,4.0521,5.8087,19.9492,11.8093,11.3926,4.9934,4.1675
,São Paulo,1/1/2015,23.7548,14.0165,3.9993,5.8249,20.1041,11.7969,11.3901,4.9698,4.1435
,São Paulo,1/2/2015,23.7221,14.2578,3.9131,5.6464,20.3854,11.6831,11.4008,4.9072,4.0842
,São Paulo,1/3/2015,23.549,14.3185,3.927,5.5158,20.5792,11.6073,11.3513,5.1234,4.0285
,São Paulo,1/4/2015,23.4394,14.9293,3.8978,5.5137,20.3813,11.5354,11.2489,5.1112,3.943
,São Paulo,1/5/2015,23.486,14.9052,3.8894,5.5542,20.2558,11.6161,11.2642,5.1051,3.924
,São Paulo,1/6/2015,23.7394,14.958,3.8705,5.5615,19.9679,11.6286,11.3058,5.0687,3.8995
,São Paulo,1/7/2015,23.7411,14.9897,3.8902,5.5447,19.9046,11.6451,11.3722,5.0316,3.8807
,São Paulo,1/8/2015,23.7276,15.3294,3.8746,5.4688,19.7678,11.6439,11.3398,4.9873,3.8607
,São Paulo,1/9/2015,23.74,15.3368,3.8791,5.4879,19.5413,11.6948,11.4224,5.0477,3.8501
,São Paulo,1/10/2015,23.7342,15.4549,3.8418,5.4969,19.5971,11.6791,11.3497,5.0228,3.8235
,São Paulo,1/11/2015,23.6908,15.4197,3.8358,5.4721,19.8619,11.6434,11.3067,4.9774,3.7922
,São Paulo,1/12/2015,23.7437,15.4145,3.8069,5.4944,19.9388,11.6133,11.2491,4.9463,3.793
,São Paulo,1/1/2016,23.8024,15.328,3.7927,5.4885,20.0308,11.6345,11.1991,4.9146,3.8094
,São Paulo,1/2/2016,23.9531,15.2888,3.7436,5.4222,20.1728,11.6284,11.1472,4.8726,3.7713
,São Paulo,1/3/2016,23.883,15.1323,3.7628,5.3736,20.1521,11.6544,11.1615,5.1107,3.7696
,São Paulo,1/4/2016,24.0338,14.9711,3.7855,5.424,20.0622,11.69,11.2255,5.1101,3.6978
,São Paulo,1/5/2016,24.1209,14.8299,3.7635,5.4224,19.9277,11.9187,11.198,5.0976,3.7215
,São Paulo,1/6/2016,24.0517,15.215,3.7554,5.4365,19.5001,11.9815,11.3158,5.0562,3.6878
,São Paulo,1/7/2016,24.3015,15.2294,3.7481,5.4052,19.2982,12.0258,11.2764,5.0431,3.6724
,São Paulo,1/8/2016,24.5696,15.0282,3.7574,5.3395,19.2714,12.0479,11.2964,5.0294,3.6602
,São Paulo,1/9/2016,24.5814,14.9735,3.7514,5.3174,19.263,12.1317,11.2964,5.0482,3.6369
,São Paulo,1/10/2016,24.5927,14.997,3.7264,5.3555,19.1917,12.162,11.2888,5.0437,3.6422
,São Paulo,1/11/2016,24.4315,14.987,3.7104,5.3602,19.3734,12.1823,11.2773,5.035,3.6429
,São Paulo,1/12/2016,24.2262,15.0403,3.6648,5.3758,19.4625,12.2315,11.3156,5.0278,3.6555
,São Paulo,1/1/2017,24.1832,14.9363,3.6393,5.3393,19.6064,12.2642,11.3747,5.011,3.6456
,São Paulo,1/2/2017,24.0889,14.8887,3.6212,5.3349,19.6655,12.3175,11.4008,5.0183,3.6641
,São Paulo,1/3/2017,23.9826,14.9012,3.6273,5.3227,19.56,12.3582,11.3898,5.1857,3.6725
,São Paulo,1/4/2017,23.9839,15.0186,3.6124,5.3053,19.2493,12.428,11.4835,5.277,3.642
,São Paulo,1/5/2017,24.1446,14.7815,3.597,5.3523,19.1569,12.5776,11.491,5.2693,3.6297
,São Paulo,1/6/2017,24.0691,15.0742,3.5727,5.4043,18.9041,12.6102,11.4876,5.2563,3.6215
,São Paulo,1/7/2017,24.0886,14.9359,3.5864,5.3936,18.8154,12.7067,11.5588,5.2762,3.6384
,São Paulo,1/8/2017,23.8662,15.1991,3.5686,5.3606,18.879,12.687,11.5691,5.247,3.6234
,São Paulo,1/9/2017,23.5728,15.2697,3.5628,5.3574,19.0729,12.7442,11.5736,5.2494,3.5974
,São Paulo,1/10/2017,23.5068,15.1274,3.5787,5.3693,19.1848,12.7465,11.6495,5.2361,3.6008
,São Paulo,1/11/2017,23.3913,15.2685,3.5337,5.3977,19.2196,12.7699,11.6122,5.2138,3.5933
,São Paulo,1/12/2017,23.1777,15.4362,3.504,5.356,19.3875,12.7524,11.6318,5.1865,3.5678
,São Paulo,1/1/2018,23.2268,15.3419,3.4905,5.3748,19.5251,12.7432,11.5992,5.1563,3.5424
,São Paulo,1/2/2018,23.2285,15.1793,3.4904,5.2869,19.7273,12.795,11.5938,5.1571,3.5416
,São Paulo,1/3/2018,23.0683,15.1702,3.4806,5.2907,19.7618,12.808,11.5651,5.3212,3.5339
,São Paulo,1/4/2018,23.1177,15.1597,3.4717,5.2763,19.7048,12.8529,11.5708,5.3314,3.5147
,São Paulo,1/5/2018,22.9883,15.1117,3.4759,5.3256,19.7123,12.9849,11.56,5.3315,3.5097
,São Paulo,1/6/2018,23.0787,15.1319,3.4468,5.3532,19.6139,13.0051,11.5475,5.3214,3.5014
,São Paulo,1/7/2018,23.3262,15.2406,3.4068,5.2697,19.672,12.9037,11.4563,5.2619,3.4628
,São Paulo,1/8/2018,23.4363,15.5608,3.4015,5.1812,19.5229,12.8136,11.4164,5.2217,3.4456
,São Paulo,1/9/2018,23.4428,15.6424,3.4142,5.191,19.2908,12.88,11.4563,5.2413,3.4413
,São Paulo,1/10/2018,23.3637,15.6288,3.4001,5.163,19.5115,12.8363,11.4548,5.2293,3.4126
,São Paulo,1/11/2018,23.353,15.5534,3.4244,5.1713,19.6324,12.8078,11.447,5.2099,3.4008
,São Paulo,1/12/2018,23.4041,15.4782,3.4523,5.1644,19.5569,12.7869,11.5227,5.2277,3.4067
,São Paulo,1/1/2019,23.3943,15.4747,3.4781,5.2057,19.4537,12.8053,11.5443,5.2393,3.4047
,Curitiba,1/1/2012,22.2488,15.4766,4.6515,7.4251,22.1729,11.1494,9.2415,3.1819,4.4521
,Curitiba,1/2/2012,22.3058,15.5613,4.583,7.4303,22.1064,11.1196,9.2676,3.1764,4.4496
,Curitiba,1/3/2012,22.2857,15.6105,4.4996,7.4403,21.8609,11.1855,9.3266,3.3601,4.4309
,Curitiba,1/4/2012,22.2075,15.7161,4.5106,7.3394,21.8786,11.1658,9.3978,3.3649,4.4192
,Curitiba,1/5/2012,22.0221,15.9142,4.4557,7.3802,21.7616,11.1787,9.566,3.3288,4.3927
,Curitiba,1/6/2012,22.1272,15.9055,4.4552,7.4187,21.5406,11.2643,9.6192,3.2972,4.3722
,Curitiba,1/7/2012,22.3726,15.9277,4.4955,7.4159,21.2239,11.2559,9.6405,3.2953,4.3726
,Curitiba,1/8/2012,22.5526,15.8579,4.4976,7.3903,21.1397,11.2648,9.6334,3.2913,4.3723
,Curitiba,1/9/2012,22.7543,15.8106,4.4932,7.3307,21.0322,11.3082,9.6414,3.2875,4.3419
,Curitiba,1/10/2012,22.9114,15.8111,4.492,7.4135,20.8174,11.3046,9.6349,3.2809,4.3342
,Curitiba,1/11/2012,23.0421,15.7957,4.4641,7.4946,20.6594,11.2957,9.6526,3.266,4.3299
,Curitiba,1/12/2012,22.919,15.683,4.4428,7.4896,21.1222,11.1611,9.6605,3.2315,4.2902
,Curitiba,1/1/2013,22.9976,15.6201,4.4052,7.5879,21.0375,11.1313,9.7622,3.2088,4.2496
,Curitiba,1/2/2013,23.0777,15.4806,4.4677,7.5604,20.9745,11.1382,9.885,3.1945,4.2215
,Curitiba,1/3/2013,23.2403,15.0258,4.4956,7.6125,20.9893,11.1586,9.9131,3.3567,4.2082
,Curitiba,1/4/2013,23.2285,15.0827,4.502,7.6257,21.0298,11.1281,9.8191,3.3725,4.2115
,Curitiba,1/5/2013,23.2607,15.1678,4.5535,7.6443,20.7997,11.2537,9.7782,3.3567,4.1853
,Curitiba,1/6/2013,23.1943,15.1885,4.5647,7.7103,20.6721,11.3478,9.8015,3.3455,4.1751
,Curitiba,1/7/2013,23.3884,15.2565,4.5651,7.7234,20.3165,11.4105,9.8167,3.3426,4.1802
,Curitiba,1/8/2013,23.3659,15.3486,4.5805,7.7317,20.1694,11.4194,9.8992,3.3299,4.1555
,Curitiba,1/9/2013,23.3565,15.3809,4.6294,7.7033,20.2133,11.3787,9.8731,3.3365,4.1283
,Curitiba,1/10/2013,23.3373,15.3941,4.6494,7.6888,20.1176,11.4325,9.9257,3.3397,4.1149
,Curitiba,1/11/2013,23.43,15.3948,4.6679,7.6341,20.1842,11.354,9.9174,3.3198,4.0978
,Curitiba,1/12/2013,23.294,15.3675,4.6974,7.6846,20.4317,11.3084,9.8164,3.3088,4.0912
,Curitiba,1/1/2014,23.231,15.2854,4.6733,7.6651,20.6229,11.2846,9.8779,3.2811,4.0787
,Curitiba,1/2/2014,23.2949,15.2744,4.694,7.5865,20.468,11.2838,10.0932,3.2619,4.0433
,Curitiba,1/3/2014,23.307,15.3605,4.7407,7.4763,20.3276,11.2739,10.0511,3.4466,4.0163
,Curitiba,1/4/2014,23.599,15.3124,4.7114,7.4443,20.4152,11.2119,9.9489,3.4331,3.9239
,Curitiba,1/5/2014,23.7446,15.3469,4.6787,7.4517,20.3127,11.2735,9.8787,3.4186,3.8947
,Curitiba,1/6/2014,23.7737,15.3754,4.6865,7.4198,20.1271,11.3587,9.9717,3.4074,3.8798
,Curitiba,1/7/2014,23.7226,15.3255,4.6475,7.3945,20.0539,11.3759,10.2209,3.3969,3.8624
,Curitiba,1/8/2014,23.6892,15.9298,4.6702,7.3709,19.5636,11.3793,10.1836,3.3721,3.8412
,Curitiba,1/9/2014,23.5102,15.9743,4.6509,7.3391,19.7902,11.4181,10.0881,3.3869,3.8422
,Curitiba,1/10/2014,23.5798,16.0127,4.6374,7.3555,19.7338,11.4354,10.0249,3.386,3.8346
,Curitiba,1/11/2014,23.658,16.0276,4.6166,7.3494,19.6646,11.4346,10.0475,3.3807,3.8211
,Curitiba,1/12/2014,23.7022,16.0357,4.5767,7.3625,19.6661,11.4266,10.0467,3.375,3.8084
,Curitiba,1/1/2015,23.7236,15.9703,4.5692,7.3312,19.8681,11.3913,10.0298,3.345,3.7715
,Curitiba,1/2/2015,23.8406,16.1299,4.5158,7.3052,19.8042,11.2943,10.0369,3.3223,3.7508
,Curitiba,1/3/2015,23.6642,16.0034,4.5079,7.1843,20.2872,11.2291,9.9396,3.4787,3.7056
,Curitiba,1/4/2015,23.5961,16.9282,4.4365,7.1225,19.9167,11.1305,9.82,3.4402,3.6094
,Curitiba,1/5/2015,23.7148,17.1214,4.4291,7.1278,19.5669,11.3274,9.7294,3.4003,3.5828
,Curitiba,1/6/2015,23.745,17.0599,4.4308,7.1683,19.4467,11.4586,9.7585,3.3708,3.5613
,Curitiba,1/7/2015,23.6601,17.168,4.4431,7.0976,19.3937,11.4312,9.9174,3.3496,3.5394
,Curitiba,1/8/2015,23.7897,17.5925,4.4285,7.059,19.1028,11.3178,9.8754,3.3169,3.5175
,Curitiba,1/9/2015,23.8163,17.5879,4.4402,7.0373,19.104,11.2907,9.8886,3.3295,3.5056
,Curitiba,1/10/2015,23.7141,17.7649,4.4386,7.025,19.1587,11.2551,9.8335,3.3241,3.4861
,Curitiba,1/11/2015,23.6821,17.6783,4.4087,7.0488,19.3298,11.235,9.8239,3.3128,3.4805
,Curitiba,1/12/2015,23.7752,17.5645,4.3924,7.0022,19.4217,11.2381,9.8338,3.2891,3.483
,Curitiba,1/1/2016,23.9957,17.4828,4.386,7.03,19.4537,11.1397,9.7995,3.265,3.4476
,Curitiba,1/2/2016,24.2156,17.4249,4.3561,7.016,19.358,11.1303,9.8245,3.253,3.4217
,Curitiba,1/3/2016,24.2272,17.193,4.3525,6.9999,19.4212,11.1249,9.8257,3.4463,3.4093
,Curitiba,1/4/2016,24.3979,17.0001,4.3908,6.9706,19.4304,11.1644,9.8511,3.448,3.3468
,Curitiba,1/5/2016,24.2654,16.9656,4.3522,6.9557,19.4904,11.3551,9.8068,3.43,3.3786
,Curitiba,1/6/2016,24.3519,16.9255,4.3158,7.0236,19.2544,11.5087,9.8458,3.4134,3.361
,Curitiba,1/7/2016,24.638,16.8422,4.2861,6.9853,19.0509,11.5576,9.8677,3.4126,3.3596
,Curitiba,1/8/2016,24.9813,16.4144,4.2989,6.9893,19.0456,11.5945,9.9138,3.4055,3.3568
,Curitiba,1/9/2016,25.1116,16.4019,4.2455,7.0073,18.9518,11.5669,9.9258,3.4414,3.3477
,Curitiba,1/10/2016,24.9052,16.4382,4.2515,6.9899,19.2771,11.4675,9.8757,3.4488,3.346
,Curitiba,1/11/2016,24.8412,16.4732,4.2509,6.9958,19.2167,11.4934,9.9319,3.4481,3.3488
,Curitiba,1/12/2016,24.7653,16.5805,4.2393,6.9349,19.1954,11.5206,9.9749,3.4444,3.3448
,Curitiba,1/1/2017,24.7139,16.4008,4.1921,6.962,19.334,11.566,10.0475,3.4439,3.3398
,Curitiba,1/2/2017,24.575,16.356,4.18,6.9259,19.3339,11.7399,10.1033,3.4418,3.3442
,Curitiba,1/3/2017,24.3457,16.2881,4.1854,6.908,19.4828,11.7665,10.0895,3.5874,3.3465
,Curitiba,1/4/2017,24.3202,16.4606,4.1577,6.9014,19.3367,11.7934,10.1041,3.6021,3.324
,Curitiba,1/5/2017,24.3234,16.2638,4.1509,6.9288,19.2829,11.9835,10.1065,3.6005,3.3597
,Curitiba,1/6/2017,24.202,16.6337,4.1128,6.9906,19.0855,11.9717,10.0666,3.5837,3.3534
,Curitiba,1/7/2017,24.1041,16.69,4.1092,6.9593,18.9841,12.076,10.118,3.5969,3.3623
,Curitiba,1/8/2017,23.8334,16.9656,4.0542,6.9303,19.1164,12.0866,10.0832,3.5842,3.3462
,Curitiba,1/9/2017,23.5367,17.0212,4.0355,6.8864,19.4838,12.0423,10.0457,3.6124,3.336
,Curitiba,1/10/2017,23.4025,16.9759,4.0221,6.8681,19.671,12.0089,10.1056,3.6,3.346
,Curitiba,1/11/2017,23.4844,17.0596,4.0091,6.8816,19.6194,11.9462,10.0828,3.5787,3.3382
,Curitiba,1/12/2017,23.2117,17.2393,4.017,6.8876,19.5874,12.0128,10.0979,3.5811,3.3652
,Curitiba,1/1/2018,23.2857,17.0136,3.9774,6.8904,19.9019,11.9269,10.0863,3.5735,3.3442
,Curitiba,1/2/2018,23.4635,16.8292,3.9627,6.8462,19.9497,11.9574,10.0844,3.5737,3.3333
,Curitiba,1/3/2018,23.3423,16.818,3.9823,6.772,19.9539,11.9712,10.0997,3.7258,3.3349
,Curitiba,1/4/2018,23.2851,16.7272,4.0164,6.8603,19.9011,12.0563,10.0912,3.7336,3.3286
,Curitiba,1/5/2018,23.2325,16.7096,4.0123,6.8488,19.8244,12.1941,10.1151,3.7383,3.3248
,Curitiba,1/6/2018,23.263,16.7509,3.9894,6.8815,19.7509,12.2439,10.0693,3.7231,3.3281
,Curitiba,1/7/2018,23.5854,16.9592,3.9278,6.7234,19.8117,12.0979,9.9445,3.6751,3.275
,Curitiba,1/8/2018,23.4209,17.3221,3.9456,6.6456,19.75,12.0885,9.9377,3.6261,3.2634
,Curitiba,1/9/2018,23.4341,17.4117,3.9567,6.7024,19.4323,12.1525,10.0036,3.639,3.2678
,Curitiba,1/10/2018,23.3298,17.412,3.9502,6.6599,19.7262,12.0941,9.9625,3.6188,3.2464
,Curitiba,1/11/2018,23.3272,17.5165,3.9489,6.6522,19.8093,12.0071,9.9127,3.5957,3.2306
,Curitiba,1/12/2018,23.4313,17.3656,3.9708,6.5834,19.7808,11.9929,10.0276,3.6088,3.239
,Curitiba,1/1/2019,23.5347,17.3048,3.9929,6.6525,19.531,12.0215,10.0985,3.6199,3.2443
,Porto Alegre,1/1/2012,23.7535,13.8078,5.0204,7.2283,20.1207,11.1344,9.996,4.1974,4.7415
,Porto Alegre,1/2/2012,23.7075,13.8511,4.9936,7.1848,20.1052,11.1021,10.0088,4.3105,4.7363
,Porto Alegre,1/3/2012,23.7422,13.8968,4.9915,7.106,19.9837,11.1474,10.0294,4.402,4.7009
,Porto Alegre,1/4/2012,23.7296,13.913,5.0264,7.073,20.02,11.1368,10.0058,4.4058,4.6897
,Porto Alegre,1/5/2012,23.7162,13.9123,4.9782,7.1316,19.7855,11.2527,10.1532,4.38,4.6904
,Porto Alegre,1/6/2012,23.7129,13.9534,4.9748,7.2562,19.6222,11.2832,10.1379,4.3668,4.6926
,Porto Alegre,1/7/2012,23.9815,13.9178,4.9446,7.2433,19.3313,11.3091,10.2217,4.3651,4.6855
,Porto Alegre,1/8/2012,24.0789,13.9469,4.9072,7.2087,19.286,11.2754,10.2881,4.3412,4.6676
,Porto Alegre,1/9/2012,24.3188,13.901,4.9251,7.1395,19.2045,11.2854,10.2137,4.3696,4.6423
,Porto Alegre,1/10/2012,24.5415,13.9266,4.9071,7.0579,19.0971,11.2471,10.2507,4.3585,4.6136
,Porto Alegre,1/11/2012,24.6377,13.8812,4.8839,7.0785,19.1141,11.2199,10.2356,4.3453,4.6037
,Porto Alegre,1/12/2012,24.6111,13.8044,4.8725,7.1134,19.1699,11.2045,10.2693,4.3397,4.6153
,Porto Alegre,1/1/2013,24.7284,13.7697,4.875,7.1701,19.0095,11.1756,10.3678,4.3222,4.5817
,Porto Alegre,1/2/2013,24.9762,13.5523,4.879,7.012,18.9834,11.1765,10.5157,4.3626,4.5423
,Porto Alegre,1/3/2013,25.1538,13.0737,4.8446,6.9863,19.2081,11.1802,10.5274,4.4938,4.532
,Porto Alegre,1/4/2013,25.1573,13.0728,4.8336,6.9845,19.1973,11.1831,10.5325,4.5058,4.5331
,Porto Alegre,1/5/2013,25.0139,13.1407,4.8549,7.0463,19.0851,11.3515,10.4983,4.4958,4.5136
,Porto Alegre,1/6/2013,25.0298,13.144,4.8959,7.1286,18.9684,11.3675,10.505,4.4764,4.4844
,Porto Alegre,1/7/2013,25.0858,13.1016,4.9051,7.1805,18.934,11.3427,10.486,4.4783,4.4859
,Porto Alegre,1/8/2013,25.1438,13.203,4.9153,7.0587,18.7998,11.3686,10.5685,4.4646,4.4778
,Porto Alegre,1/9/2013,25.2321,13.2428,4.9423,6.9933,18.7011,11.3687,10.5769,4.4882,4.4546
,Porto Alegre,1/10/2013,25.4569,13.1992,4.9281,7.006,18.6496,11.3404,10.5235,4.4674,4.4291
,Porto Alegre,1/11/2013,25.57,13.2527,4.9105,6.9896,18.5891,11.3244,10.5071,4.4348,4.4219
,Porto Alegre,1/12/2013,25.478,13.3903,4.9355,7.0091,18.5127,11.2999,10.5361,4.4187,4.4197
,Porto Alegre,1/1/2014,25.5629,13.3468,4.8704,6.965,18.6396,11.3061,10.496,4.3899,4.4234
,Porto Alegre,1/2/2014,25.5365,13.3373,4.8727,6.8972,18.5156,11.2452,10.6905,4.5047,4.4003
,Porto Alegre,1/3/2014,25.443,13.377,4.9032,6.7563,18.4275,11.2875,10.7985,4.6266,4.3804
,Porto Alegre,1/4/2014,25.9704,13.2545,4.8917,6.6964,18.3706,11.2544,10.7163,4.5938,4.2518
,Porto Alegre,1/5/2014,26.0097,13.2546,4.8926,6.7434,18.3607,11.3098,10.66,4.5565,4.2127
,Porto Alegre,1/6/2014,25.9761,13.372,4.9008,6.7784,18.3386,11.3159,10.6087,4.5241,4.1854
,Porto Alegre,1/7/2014,25.8497,13.4062,4.9016,6.8399,18.2123,11.3411,10.7873,4.4957,4.1662
,Porto Alegre,1/8/2014,25.7726,13.578,4.9411,6.7937,18.1306,11.3459,10.783,4.5001,4.1551
,Porto Alegre,1/9/2014,25.8098,13.6314,4.9302,6.7444,18.0477,11.3678,10.7784,4.5368,4.1534
,Porto Alegre,1/10/2014,25.925,13.5891,4.897,6.7126,18.1013,11.3469,10.7539,4.5245,4.1496
,Porto Alegre,1/11/2014,25.9812,13.6141,4.9004,6.7584,18.0932,11.2759,10.7527,4.501,4.123
,Porto Alegre,1/12/2014,25.9816,13.6078,4.856,6.7442,18.1479,11.2783,10.7632,4.5023,4.1186
,Porto Alegre,1/1/2015,25.9555,13.7964,4.8306,6.753,18.1576,11.2279,10.73,4.4608,4.0881
,Porto Alegre,1/2/2015,26.1065,14.0443,4.7646,6.6818,17.9508,11.1422,10.7951,4.4769,4.0378
,Porto Alegre,1/3/2015,25.9218,14.0518,4.7629,6.5178,18.2999,11.0894,10.7747,4.6006,3.9812
,Porto Alegre,1/4/2015,25.7865,14.7688,4.7067,6.4162,18.2985,10.9869,10.6467,4.5385,3.8513
,Porto Alegre,1/5/2015,25.8904,14.7145,4.7211,6.4148,18.1454,11.1109,10.6447,4.5142,3.8441
,Porto Alegre,1/6/2015,25.7948,14.7687,4.7053,6.4316,18.246,11.1022,10.6591,4.4781,3.8142
,Porto Alegre,1/7/2015,25.9016,14.6578,4.7169,6.4729,18.2252,11.0819,10.7242,4.4361,3.7834
,Porto Alegre,1/8/2015,26.1198,14.6824,4.7469,6.3946,18.2176,11.0506,10.6387,4.3991,3.7503
,Porto Alegre,1/9/2015,26.2446,14.6149,4.7752,6.2902,18.1231,11.0969,10.6793,4.4326,3.7431
,Porto Alegre,1/10/2015,26.2176,14.745,4.7611,6.2805,18.0779,11.1014,10.669,4.4245,3.723
,Porto Alegre,1/11/2015,26.1479,14.6938,4.735,6.2891,18.3072,11.0666,10.6252,4.4044,3.7309
,Porto Alegre,1/12/2015,26.418,14.7051,4.7174,6.2736,18.1856,11.0494,10.534,4.3695,3.7474
,Porto Alegre,1/1/2016,26.5584,14.6559,4.683,6.3171,18.2222,11.0169,10.484,4.3398,3.7228
,Porto Alegre,1/2/2016,26.4739,14.8551,4.6673,6.2103,18.4474,10.9116,10.4334,4.2815,3.7195
,Porto Alegre,1/3/2016,26.5682,14.7683,4.6761,6.1832,18.2692,10.9272,10.4175,4.4799,3.7105
,Porto Alegre,1/4/2016,26.8641,14.667,4.6414,6.1671,18.2307,10.9408,10.3886,4.5079,3.5923
,Porto Alegre,1/5/2016,26.8657,14.4538,4.6567,6.1995,18.1995,11.1886,10.3167,4.4695,3.65
,Porto Alegre,1/6/2016,27.0622,14.3297,4.6605,6.2092,18.0217,11.2453,10.4125,4.4439,3.6149
,Porto Alegre,1/7/2016,27.2267,14.3509,4.6447,6.2257,17.8297,11.2598,10.4055,4.4444,3.6128
,Porto Alegre,1/8/2016,27.5012,14.333,4.6287,6.1482,17.7462,11.2495,10.3899,4.4168,3.5865
,Porto Alegre,1/9/2016,27.4766,14.3365,4.6145,6.0981,17.7115,11.277,10.4176,4.4991,3.5692
,Porto Alegre,1/10/2016,27.1811,14.4753,4.5907,6.1236,17.8332,11.2928,10.4342,4.4986,3.5704
,Porto Alegre,1/11/2016,27.2076,14.4153,4.5873,6.1857,17.7677,11.3438,10.4276,4.4951,3.57
,Porto Alegre,1/12/2016,27.0473,14.4063,4.5993,6.2089,17.8485,11.3587,10.4822,4.49,3.5588
,Porto Alegre,1/1/2017,27.0495,14.0291,4.5978,6.2656,18.0326,11.3967,10.5761,4.4891,3.5636
,Porto Alegre,1/2/2017,27.2129,14.0302,4.5853,6.1689,17.8956,11.4191,10.6112,4.489,3.5879
,Porto Alegre,1/3/2017,26.9972,14.0734,4.6055,6.0946,17.723,11.5192,10.6409,4.742,3.6043
,Porto Alegre,1/4/2017,27.1327,14.1892,4.5657,6.0737,17.5389,11.554,10.6299,4.7463,3.5696
,Porto Alegre,1/5/2017,27.2768,13.9824,4.567,6.1092,17.4842,11.6356,10.6004,4.7451,3.5994
,Porto Alegre,1/6/2017,27.0342,14.1787,4.5372,6.1155,17.6182,11.6365,10.573,4.7324,3.5744
,Porto Alegre,1/7/2017,27.0901,13.9751,4.5112,6.2028,17.61,11.6768,10.6135,4.7454,3.5751
,Porto Alegre,1/8/2017,27.0706,14.1429,4.5003,6.1429,17.4345,11.7114,10.6723,4.7505,3.5748
,Porto Alegre,1/9/2017,26.6645,14.2645,4.5023,6.0848,17.8267,11.741,10.6834,4.7101,3.5228
,Porto Alegre,1/10/2017,26.4395,14.2287,4.5066,6.1149,17.9714,11.7718,10.701,4.7165,3.5496
,Porto Alegre,1/11/2017,26.338,14.3154,4.4768,6.1159,17.8903,11.8117,10.776,4.7173,3.5586
,Porto Alegre,1/12/2017,26.1061,14.4236,4.4713,6.1301,18.0839,11.788,10.7398,4.7026,3.5548
,Porto Alegre,1/1/2018,26.0011,14.3362,4.4328,6.1641,18.303,11.7885,10.727,4.7044,3.5429
,Porto Alegre,1/2/2018,26.0784,14.4293,4.4226,6.0111,18.4192,11.7504,10.6863,4.6807,3.522
,Porto Alegre,1/3/2018,25.9226,14.5165,4.4135,5.9282,18.4131,11.771,10.6881,4.8294,3.5177
,Porto Alegre,1/4/2018,25.9212,14.4672,4.3731,5.9799,18.3528,11.8214,10.7301,4.8497,3.5046
,Porto Alegre,1/5/2018,25.9305,14.5427,4.3996,6.0077,18.2493,11.8676,10.6847,4.8291,3.4889
,Porto Alegre,1/6/2018,25.9398,14.5531,4.4092,5.9782,18.3674,11.8348,10.6579,4.7946,3.4651
,Porto Alegre,1/7/2018,26.2909,14.6743,4.3452,5.9125,18.4713,11.6874,10.5016,4.7107,3.4061
,Porto Alegre,1/8/2018,26.1071,14.8076,4.3467,5.8684,18.5495,11.6852,10.5292,4.7046,3.4017
,Porto Alegre,1/9/2018,26.2287,14.8257,4.3713,5.835,18.2836,11.767,10.584,4.7031,3.4016
,Porto Alegre,1/10/2018,26.126,14.8816,4.327,5.8416,18.4514,11.7316,10.5604,4.6941,3.3862
,Porto Alegre,1/11/2018,26.1994,14.8336,4.3517,5.7905,18.6157,11.6976,10.4817,4.6642,3.3656
,Porto Alegre,1/12/2018,26.2507,14.7175,4.4028,5.8006,18.4982,11.6693,10.5774,4.6975,3.386
,Porto Alegre,1/1/2019,26.3701,14.7124,4.4193,5.8525,18.2989,11.6907,10.5859,4.6909,3.3794
