IBGE,Metropolitan Area,Month,Year,Food and Beverages,Housing,Household Goods,Clothing,Transportation,Healthcare,Personal Expenses,Education,Communication
,Belem,1,2012,0.1,0.5,0.25,0.28,0.55,0.65,0.21,0.32,0.2
,Belem,2,2012,0.38,1.1,-0.26,-0.69,-0.44,0.55,1.38,6.05,0.01
,Belem,3,2012,0.79,0.1,0.18,-0.9,-0.07,0.08,1.07,0.4,-0.4
,Belem,4,2012,1.16,0.45,-0.98,0.53,0.11,1.24,2.02,0.06,-0.23
,Belem,5,2012,1.35,0.51,0.2,0.35,-0.25,0.59,0.85,-0.05,-0.26
,Belem,6,2012,1.18,0.49,0.35,0.35,-0.08,0.36,0.49,-0.17,0.29
,Belem,7,2012,1.23,0.06,0.06,0.15,0.38,0.05,0.58,0.12,0.39
,Belem,8,2012,0.69,1.28,0.83,0.35,1.81,0.53,0.26,0.47,-0.21
,Belem,9,2012,1.45,1.06,0.3,0.83,0.2,0.65,0.6,0.15,0.1
,Belem,10,2012,2.57,-0.98,0.14,0.82,0.14,0.43,-0.27,-0.14,0.69
,Belem,11,2012,1.58,1.89,1.16,0.79,0.45,0.27,1.06,-0.01,0.34
,Belem,12,2012,1,1.19,-0.22,1.01,0.75,0.53,1.23,0.07,0.09
,Belem,1,2013,1.88,-2.35,0.23,0.32,0.91,0.78,1.18,0.42,0.03
,Belem,2,2013,1.76,-4.68,0.81,0.62,0.78,0.48,0.37,4.8,-0.02
,Belem,3,2013,0.72,0.89,0.62,0.76,-0.15,0.47,0.57,0.81,0
,Belem,4,2013,0.66,1.33,0.66,-0.01,-0.53,1.23,0.71,0.18,0.17
,Belem,5,2013,-0.16,0.5,-0.26,0.22,-0.05,0.72,-0.17,0.08,0.01
,Belem,6,2013,0.53,0.22,0.16,0.52,0.14,0.39,0.01,0.16,-0.09
,Belem,7,2013,0.47,0.36,0.17,-0.11,0.3,0.01,1.72,0.2,-0.05
,Belem,8,2013,-0.32,3.66,0.49,0.35,0.31,0.43,0.48,0.74,0.08
,Belem,9,2013,-0.08,1.16,1.45,0.68,0.34,0.1,0.05,-0.04,-0.21
,Belem,10,2013,0.21,1.62,1.12,1.57,0.06,-0.22,0.25,0.08,-0.07
,Belem,11,2013,-0.13,0.22,-0.08,1.59,0.4,0.8,1.18,-0.01,-0.06
,Belem,12,2013,0.05,0.74,0.24,0.61,1.46,0.18,0.61,0.03,0.46
,Belem,1,2014,-0.21,0.29,1.28,0.95,-1.03,0.46,1.01,0.27,0.11
,Belem,2,2014,0.23,-0.01,1.1,-1.14,-0.47,0.99,0.12,5.37,0.04
,Belem,3,2014,0.21,0.79,0.17,0,1.04,0.53,0.31,0.21,-0.8
,Belem,4,2014,0.71,0.38,0.74,-0.36,0.16,1.08,0.29,-0.18,0.1
,Belem,5,2014,1.72,1.65,1.04,-0.15,0.65,0.29,1.18,-0.06,0.17
,Belem,6,2014,0.75,0.45,-0.43,-0.29,1.57,0.27,1.05,-0.08,-0.11
,Belem,7,2014,0.25,0.21,0.66,0.45,-0.62,0.44,0.52,0.31,0.84
,Belem,8,2014,0.23,7.25,0.74,-0.02,0.55,0.4,0.13,-0.11,-0.21
,Belem,9,2014,0.84,1.96,-0.33,0.21,0.38,0.2,-0.09,0.24,0.03
,Belem,10,2014,0.08,0.07,0.32,-0.04,0.16,0.08,0.93,0.33,-0.13
,Belem,11,2014,1.35,-0.49,-0.09,0.58,0.58,0.24,0.41,0.45,0.41
,Belem,12,2014,0.81,0.34,1.21,1.68,1.25,0.81,0.74,-0.14,-0.12
,Belem,1,2015,0.37,3.04,0.43,-0.12,0.37,0.06,1.83,-0.03,0.11
,Belem,2,2015,0.89,2.3,0,0.57,0.2,0.56,0.21,5.37,0.2
,Belem,3,2015,-0.03,2.16,0.28,0.17,0.59,0.33,0.05,0.41,-1.12
,Belem,4,2015,0.96,-0.22,1.2,0.36,1.08,2.09,0.87,-0.15,0.22
,Belem,5,2015,1.95,-0.53,-0.01,1.03,1.59,0.36,0.94,0.09,0.34
,Belem,6,2015,1.34,1.28,0.9,0.71,2.27,0.88,2.48,0.25,0.69
,Belem,7,2015,0.08,-0.3,0.62,-0.46,0.62,0.92,0.61,-0.03,0.6
,Belem,8,2015,0.55,1.72,1,0.41,-1.44,0.68,0.77,0.03,0.05
,Belem,9,2015,0.32,-0.22,-0.97,0.22,0.26,1.02,0.93,0,-0.27
,Belem,10,2015,1.32,1.85,0.29,-0.38,0.77,0.8,1,0.28,0.69
,Belem,11,2015,1.93,0.13,0.66,1.36,0.4,0.74,0.95,0.36,1.52
,Belem,12,2015,0.91,2.35,0.78,2.1,2.28,0.57,0.42,0.22,0.03
,Belem,1,2016,1.47,0.32,-0.03,0.44,0.12,0.69,1.04,0.05,0.09
,Belem,2,2016,1.81,-0.58,1.39,0.04,-0.07,0.95,0.42,6.83,-0.07
,Belem,3,2016,1.18,-1.18,0.98,0.23,-0.07,0.49,0.47,0.31,-2.11
,Belem,4,2016,1.14,-0.52,0.74,-0.12,0.6,2.58,0.23,0.17,3.31
,Belem,5,2016,1.26,0.35,-0.43,0.44,0.3,1.1,1.21,-0.09,-0.05
,Belem,6,2016,1.46,0.39,-0.02,0.89,0.46,1.11,0.84,0.1,-0.02
,Belem,7,2016,2.23,-0.01,0.6,0.29,0.57,0.89,0.33,-0.08,0.03
,Belem,8,2016,-0.1,1.95,0.37,0.71,-0.45,0.51,0.72,0.61,0
,Belem,9,2016,0.88,0.37,0.86,0.19,-0.37,0.04,0.46,0.36,-0.02
,Belem,10,2016,0.18,1.48,0.25,-0.15,0.41,0.5,0.44,-0.04,-0.16
,Belem,11,2016,-1.2,0.09,-0.11,0.35,0.01,0.43,0.47,0.08,-0.09
,Belem,12,2016,-0.32,0.87,-0.73,-0.45,0.39,0.39,0.36,0.12,0.01
,Belem,1,2017,-0.46,-0.09,0.41,-0.34,1.5,0.69,0.04,-0.19,0.83
,Belem,2,2017,-0.75,-0.28,0.54,-0.33,1.87,0.45,0.62,5.48,0.71
,Belem,3,2017,-0.13,0.44,-0.66,-0.24,-0.09,0.63,-0.08,0.19,-0.66
,Belem,4,2017,0.47,-1.19,-0.08,0.03,-0.56,0.45,-0.13,-0.02,1.14
,Belem,5,2017,-0.56,1.28,-0.76,0.3,-0.54,0.76,0.7,-0.15,0.74
,Belem,6,2017,0.53,-0.35,0,-0.27,0.21,0.22,0.44,0.02,-0.04
,Belem,7,2017,0.22,2.25,-0.57,-0.31,0.12,0.35,0.18,-0.16,-0.1
,Belem,8,2017,-1.56,1.98,0.12,0.14,0.84,-0.17,0.55,0.33,-0.02
,Belem,9,2017,0.13,1.24,0.48,0.22,0.7,0.81,0.09,0.07,0.94
,Belem,10,2017,-0.57,1.83,-0.08,1.15,0.05,0.21,0.01,0.14,0.9
,Belem,11,2017,-0.91,1.03,-0.4,0.2,0.09,0.19,0.53,-0.02,-0.13
,Belem,12,2017,-0.77,-1.88,-0.35,0.32,1.19,-0.06,0.56,0.58,-0.27
,Belem,1,2018,0.11,-2.06,-0.45,0.18,0.32,0.19,0.11,0.14,-0.11
,Belem,2,2018,-0.07,1.06,0.22,0.24,0.33,0.25,0.22,4.68,0.33
,Belem,3,2018,-0.81,-0.05,0.46,0.69,0.92,-0.08,0.07,0.13,-0.32
,Belem,4,2018,-0.13,0.79,0.17,0.55,0.34,0.64,0.32,-0.12,0.07
,Belem,5,2018,0.13,1.57,-0.27,-0.03,0.84,0.26,0.19,-0.13,0.61
,Belem,6,2018,1.72,2.15,0.48,-0.1,0.4,0.35,0.29,0.03,0.03
,Belem,7,2018,0.48,0.29,0.04,-0.2,0.99,0.13,-0.07,-0.09,-0.03
,Belem,8,2018,-0.61,2.06,0.23,-0.48,-0.82,0.04,0.28,0.32,0.1
,Belem,9,2018,-0.21,1.19,-0.64,-1.39,1.55,0.1,-0.02,0.13,-0.12
,Belem,10,2018,0.41,1.19,0.28,0.03,0.48,0.22,0.2,0.14,0.07
,Belem,11,2018,0.01,-0.06,0.19,0.04,-0.45,-1.33,0.53,-0.25,0.01
,Belem,12,2018,0.63,-0.2,0.57,2.26,-0.01,-0.17,0.22,0.01,0.03
,Belem,1,2019,0.43,-0.74,0.06,-1.17,0.15,0.34,0.39,0.06,0.01
,Fortaleza,1,2012,-0.29,0.41,0.04,-1.48,0.01,-0.06,0.96,0.3,0.1
,Fortaleza,2,2012,0.37,0.27,-0.58,-0.39,0.06,0.92,0.12,0.78,-0.18
,Fortaleza,3,2012,1.06,0.28,0.37,-0.2,1.4,0.39,-0.11,6.27,-0.34
,Fortaleza,4,2012,1.24,0.78,-1.29,0.42,-0.58,1.18,2.51,1.09,0.85
,Fortaleza,5,2012,0.95,-0.81,-1.01,1.79,-0.11,0.39,1.53,0.16,-0.53
,Fortaleza,6,2012,0.41,-0.97,0.32,-0.22,-1.45,0.51,0.58,-0.09,-0.09
,Fortaleza,7,2012,1.15,0.24,-0.55,-0.06,0.53,0.28,1.76,0.05,0.12
,Fortaleza,8,2012,1.64,0.86,0.33,0.56,-0.13,0.55,0.28,0.12,0.35
,Fortaleza,9,2012,2.1,0.34,-0.1,-0.01,-0.16,0.25,0.34,0.08,-0.51
,Fortaleza,10,2012,1.77,0.05,-0.42,0.95,0.34,0.42,0.25,-0.07,0.86
,Fortaleza,11,2012,0.66,0.23,0.16,1.17,0.57,0.16,1.04,0.01,0.36
,Fortaleza,12,2012,1.5,0.79,0.82,1.89,0.37,0.53,2.84,0.19,0.22
,Fortaleza,1,2013,1.9,-0.01,0.45,-2.56,1.78,0.69,0.9,0.36,-0.17
,Fortaleza,2,2013,1.87,-1.8,1.01,-0.01,1.54,0.64,-0.08,0.77,0.14
,Fortaleza,3,2013,1.3,0.28,0.34,-1.1,-0.04,0.4,0.6,4.34,-0.01
,Fortaleza,4,2013,1.42,1.07,0.76,1.28,-0.69,0.91,0.26,1.2,-0.46
,Fortaleza,5,2013,0.45,1.3,-0.77,0.38,-0.7,0.88,0.92,0.09,-0.26
,Fortaleza,6,2013,-0.36,0.67,0.1,0.34,1.17,0.53,0.3,0.12,0.07
,Fortaleza,7,2013,-0.03,1.4,1,0.27,-0.38,0.28,1.2,0.12,0.83
,Fortaleza,8,2013,-0.32,-0.46,0.45,-0.06,-0.17,0.65,0.55,0.99,0.03
,Fortaleza,9,2013,0.67,0.78,0.22,0.06,0.43,0.46,-0.03,-0.01,-0.1
,Fortaleza,10,2013,0.05,0.61,0.81,0.97,0,0.73,0.43,0.05,0.15
,Fortaleza,11,2013,0.68,1.12,1.11,2.06,0.68,0.09,1.75,0.08,0.34
,Fortaleza,12,2013,0.36,0.09,0.15,1.1,1.64,0.41,1.01,0.04,0.57
,Fortaleza,1,2014,0.4,0.61,0.75,-0.9,-0.44,0.46,1.27,0.32,0
,Fortaleza,2,2014,0.11,0.82,0.15,-0.52,-0.45,0.94,0.48,1.22,0.3
,Fortaleza,3,2014,0.93,0.68,0.1,-0.35,0.72,0.18,0.34,4.97,-0.97
,Fortaleza,4,2014,2.12,0.84,2.53,0.14,0,0.45,0.58,1.15,0.15
,Fortaleza,5,2014,1.2,2.8,0.23,0.68,-0.31,1.05,1.34,0.17,-0.22
,Fortaleza,6,2014,0.79,0.24,0.88,-0.16,0.61,0.49,0.91,0.16,-0.21
,Fortaleza,7,2014,-0.57,1.26,-0.79,-1.29,0.39,0.29,0.33,-0.03,-0.09
,Fortaleza,8,2014,-0.02,0.08,-0.65,0.03,0.77,0.29,0.13,0.72,0.16
,Fortaleza,9,2014,0.97,0.51,0.1,0.03,-0.21,0.38,0.57,0.01,0.31
,Fortaleza,10,2014,0.17,0.47,0.29,1,0.18,0.38,0.04,0.09,-0.23
,Fortaleza,11,2014,0.47,1.82,-0.99,0.87,1.08,0.34,0.57,0.24,-0.2
,Fortaleza,12,2014,0.26,-0.13,0.01,1.1,1.31,0.58,1.19,0.15,-0.19
,Fortaleza,1,2015,0.94,0.95,0.18,-0.94,1.78,-0.06,2.34,0.08,0.37
,Fortaleza,2,2015,1.18,0.86,0.41,0.24,1.43,0.31,0.09,0.95,-0.19
,Fortaleza,3,2015,1.03,5.57,0.42,0.39,0.82,0.96,0.14,4.34,-1.22
,Fortaleza,4,2015,0.93,0.97,0.03,-0.25,0.14,0.78,1.13,0.85,0.12
,Fortaleza,5,2015,1.79,1.39,0.5,1.1,0.26,1.66,1.77,-0.1,0.59
,Fortaleza,6,2015,1.13,1.04,0.95,-0.47,0.98,0.77,3.35,0.21,0.78
,Fortaleza,7,2015,0.51,0.17,0.73,-0.38,0.67,0.95,0.73,0.03,0.52
,Fortaleza,8,2015,0.53,0.03,0.39,0.85,-0.19,1.35,0.82,0.95,0.14
,Fortaleza,9,2015,0.5,1.61,1.11,-0.43,0.53,0.67,0.48,0.12,0.06
,Fortaleza,10,2015,0.39,0.75,0.82,0.4,1.2,0.43,0.76,0.06,0.37
,Fortaleza,11,2015,1.34,0.19,0.27,1.16,2.64,1.2,0.4,0.28,0.32
,Fortaleza,12,2015,1.94,0.45,1.12,0.47,2.79,0.44,0.48,0.48,0.21
,Fortaleza,1,2016,2.09,1.12,0.63,-0.37,0.56,0.34,2.53,0.15,0.12
,Fortaleza,2,2016,1.51,-0.08,0,-0.57,0.47,1.74,0.68,0.79,0.21
,Fortaleza,3,2016,0.87,-0.81,0.41,0.75,0.77,0.8,0.57,5.03,0.21
,Fortaleza,4,2016,1.04,1.22,0.92,1.38,0.26,2.22,0.81,0.46,0.11
,Fortaleza,5,2016,0.94,2.57,1.78,0.81,0.11,1.82,0.42,0.36,0
,Fortaleza,6,2016,0.57,0.61,0.15,0.39,0.59,0.71,1.07,0.2,-0.27
,Fortaleza,7,2016,2.06,0.18,0.36,-0.64,0.18,0.77,0.92,0.07,-0.02
,Fortaleza,8,2016,1.64,-0.56,0.04,0.54,-0.2,0.65,0.77,1.53,-0.22
,Fortaleza,9,2016,0.55,1.29,-0.61,-0.24,-0.08,0.65,0.65,0.22,0.13
,Fortaleza,10,2016,0.56,0.52,-0.26,0.8,0.03,0.06,-0.4,-0.18,-0.05
,Fortaleza,11,2016,-0.56,0.39,0.41,0.95,-0.69,0.77,0.41,0.03,0.61
,Fortaleza,12,2016,0.19,-0.12,0.36,0.67,1.06,0.46,1.99,0.12,-0.05
,Fortaleza,1,2017,0.11,0.03,-0.09,-0.77,2.34,0.17,0.19,0.36,0.22
,Fortaleza,2,2017,-0.35,-0.02,0.41,-0.99,1.98,0.73,-0.03,0.77,0.89
,Fortaleza,3,2017,0.42,1.67,-0.55,0.12,-0.19,0.48,0.46,5.34,-0.59
,Fortaleza,4,2017,0.25,-1.67,0.25,0.93,-0.68,1.42,0.25,0.47,2.28
,Fortaleza,5,2017,-1.15,2.04,-0.69,0.59,1.45,0.4,0.04,-0.05,0.39
,Fortaleza,6,2017,-0.17,-0.58,0.21,-0.13,0.27,0.53,0,0.08,-0.04
,Fortaleza,7,2017,-0.16,2.24,-0.36,0.15,-0.66,0.18,0.17,-0.12,-0.18
,Fortaleza,8,2017,-0.51,-0.37,0.15,0.56,0.23,0.45,0.53,0.15,-2.02
,Fortaleza,9,2017,-0.5,0.75,-0.43,-0.19,1.17,0.49,0.26,0.16,0.01
,Fortaleza,10,2017,-0.29,1.63,0.06,1.55,0.08,0.76,-0.25,-0.04,-0.01
,Fortaleza,11,2017,-1.42,0.47,-0.5,0.77,0.39,0.03,0.03,0.11,-0.17
,Fortaleza,12,2017,0.4,0.28,0.26,1,0.9,0.43,0.37,0.24,-0.09
,Fortaleza,1,2018,0.31,-0.52,0.25,-0.28,0.56,0.11,0.36,0.24,0.14
,Fortaleza,2,2018,-0.63,0.2,-0.42,-1.01,0.12,0.46,0,4.22,-0.02
,Fortaleza,3,2018,-0.58,0.45,0.1,0.3,0.83,1.03,0.02,1.52,-0.19
,Fortaleza,4,2018,0.1,0.54,-0.53,-0.1,0.65,0.53,-0.04,-0.06,-0.06
,Fortaleza,5,2018,-0.21,1.18,-0.77,-0.68,1.79,0.52,0.03,0.01,-0.01
,Fortaleza,6,2018,2.54,1.49,0.43,-0.06,1.07,0.45,0.39,0.1,-0.02
,Fortaleza,7,2018,0.19,0.79,0.43,-0.38,-0.51,-0.11,0.65,0.06,0.18
,Fortaleza,8,2018,-0.05,-0.56,0.06,-0.39,-1.37,0.78,0.05,0.8,-0.04
,Fortaleza,9,2018,0.4,-0.19,0.36,-0.52,1.22,-0.13,0.34,0.24,-0.1
,Fortaleza,10,2018,-0.05,1.46,1.04,0.76,0.83,1.02,0.19,-0.07,-0.07
,Fortaleza,11,2018,0.58,-1.24,1.03,0.47,-0.34,-1.88,-0.01,-0.01,-0.09
,Fortaleza,12,2018,0.22,-1.19,0.55,1.47,-0.81,1.06,0.12,0.33,-0.03
,Fortaleza,1,2019,0.08,0.32,0.01,-0.21,-1.21,0.1,0.76,0.11,0.06
,Recife,1,2012,0.15,1.04,-1.36,-0.07,0.56,0.32,1.55,0.14,0.14
,Recife,2,2012,0.3,0.76,1.03,0.15,0.84,0.29,-0.11,8.08,-0.44
,Recife,3,2012,0.11,0.89,-0.47,-0.86,0.51,0.55,2.62,0.03,-0.31
,Recife,4,2012,0.64,0.45,-1.3,0.31,0.78,0.78,1.47,0.12,1.17
,Recife,5,2012,0.99,1.57,0.03,1.51,-0.5,0.36,0.48,0.04,0.16
,Recife,6,2012,1.03,0.29,-0.07,-0.53,-1.11,0.59,0.68,0.05,-0.21
,Recife,7,2012,1.33,-0.08,-0.62,0.28,0.13,0.26,0.41,-0.02,0.1
,Recife,8,2012,1.35,0.29,0.4,-0.06,-0.25,0.56,0.75,0.66,-0.26
,Recife,9,2012,2.43,0.62,-0.15,0.49,0.07,0.43,1.03,0.05,-0.04
,Recife,10,2012,1.66,0.36,0.89,0.74,-0.08,0.43,0.29,0.07,1.12
,Recife,11,2012,0.55,0.52,0.57,0.67,0.49,0.22,0.1,0.05,-0.15
,Recife,12,2012,0.5,0.5,0.73,0.07,0.66,0.64,2.31,0.21,-0.03
,Recife,1,2013,1.89,-0.54,1.52,-0.56,1.22,0.47,1.02,0.07,-0.34
,Recife,2,2013,2.29,-1.88,-0.15,0.9,1.06,0.74,0.09,4.81,-0.22
,Recife,3,2013,0.54,1.17,0.71,-0.24,-0.68,0.39,0.42,0.37,-0.23
,Recife,4,2013,1.3,0.98,1.38,1.39,-0.02,1.07,0.57,0.09,-0.16
,Recife,5,2013,1.17,1.13,-0.1,0.86,-0.22,0.92,1,0.07,0
,Recife,6,2013,-0.28,0.52,-0.19,1.39,-0.38,0.87,1.03,0.17,0.29
,Recife,7,2013,0.3,0.34,0.73,-0.38,-0.75,0.01,1.44,0.14,0
,Recife,8,2013,0.22,0.55,0.04,0.16,0.96,0.74,-0.71,0.61,0.01
,Recife,9,2013,-0.07,0.98,0.27,1.05,1.1,0.64,0.62,0.05,0.1
,Recife,10,2013,0.69,1.17,1.78,1.39,0.16,0.3,0.57,0.11,-0.14
,Recife,11,2013,0.37,-0.32,0.25,1.37,0.12,0.11,1.47,-0.06,0.27
,Recife,12,2013,0.67,0.95,0.62,1.38,1.06,0.17,1.03,0.21,0.69
,Recife,1,2014,0.88,0.79,0.39,-0.84,-0.18,-0.05,1.76,0.18,0.1
,Recife,2,2014,-0.33,0.69,0.99,0.54,-0.64,1.12,0.68,4.44,1.77
,Recife,3,2014,0.87,0.2,0.16,0.2,0.82,0.38,0.43,0.26,-1.17
,Recife,4,2014,1.57,0.93,0.01,0.28,0.66,0.82,0.09,0.06,-0.21
,Recife,5,2014,1.11,3.86,0.96,0.57,0.43,0.84,0.44,0.06,-0.02
,Recife,6,2014,0.19,0.53,0.33,1.55,0.58,0.87,3.67,-0.18,-0.01
,Recife,7,2014,0.4,1.23,-0.62,-0.85,-0.25,0.42,-2.64,0.06,-0.16
,Recife,8,2014,0.8,-0.22,0.95,0.77,0.33,0.6,0.23,0.35,-0.13
,Recife,9,2014,0.83,1.45,0.83,0.53,0.62,0.21,0.23,0.14,0.19
,Recife,10,2014,0.13,0.4,0.13,0.12,-0.05,0.56,0.8,-0.06,-0.2
,Recife,11,2014,0.26,0.68,-0.23,1.19,0.41,0.35,1.08,0.16,-0.19
,Recife,12,2014,0.24,0.37,-0.16,0.8,0.31,0.44,0.22,-0.05,0.01
,Recife,1,2015,0.31,1.39,-0.34,-0.46,0.73,0.3,0.46,0.11,0.44
,Recife,2,2015,1.2,1.88,0.91,-0.43,3.25,0.66,0.72,6.59,0.47
,Recife,3,2015,0.85,0.94,0.23,-0.47,0.12,0.57,1.03,0.12,-0.86
,Recife,4,2015,0.73,2.15,0.46,0.73,0.01,0.74,0.48,-0.06,0.5
,Recife,5,2015,1.99,3.19,0.52,0.34,1.07,1.48,0.18,0.05,0.17
,Recife,6,2015,1.32,0.2,-0.16,1.01,2.07,1.24,1.25,0.22,0.76
,Recife,7,2015,1.67,0.91,1.3,-1.13,0.83,0.92,0.52,-0.02,0.77
,Recife,8,2015,0.8,-0.77,1.39,-0.32,0.48,0.48,0.75,0.65,0.06
,Recife,9,2015,0.15,0.6,1.2,0.69,0.13,0.3,-0.05,0.2,-0.15
,Recife,10,2015,0.95,1.15,0.49,0.49,1.32,0.59,0.56,-0.06,0.18
,Recife,11,2015,1.13,0.09,0.49,0.84,0.32,0.74,1.37,0.31,0.48
,Recife,12,2015,1.57,-0.22,0.6,1.87,1.16,0.85,0.1,0.11,0.25
,Recife,1,2016,2.13,-0.14,2.02,-0.26,1.13,1.33,1.5,0.27,0.39
,Recife,2,2016,1.43,0.45,0.16,1.29,1.53,1.2,0.53,3.63,0.67
,Recife,3,2016,-0.07,-0.3,0.73,-0.67,-0.12,0.57,-0.17,-0.11,-0.68
,Recife,4,2016,1.4,-0.38,0.09,0.09,0.32,2.13,-0.41,0.32,0.04
,Recife,5,2016,0.42,2.37,0.86,0.57,0.53,1.3,0.81,0.2,0
,Recife,6,2016,0.26,1.21,0.33,1.5,-0.34,1.03,0.37,-0.15,0.05
,Recife,7,2016,1.52,1.21,0.88,-0.25,1.13,0.8,0.47,0.16,0.02
,Recife,8,2016,0.54,-0.61,0.3,-0.28,-0.33,0.35,0.12,0.19,-0.15
,Recife,9,2016,0.88,1.21,-0.89,0.37,-0.38,0.39,0.94,0.34,-0.03
,Recife,10,2016,0.07,0.73,0.47,0.06,0.6,0.34,0.03,0.06,-0.06
,Recife,11,2016,0.13,0.43,1.99,0.49,0.74,0.71,0.31,0.08,1.16
,Recife,12,2016,0.25,-0.5,0.79,0.62,0.35,0.26,1.41,0.23,-0.27
,Recife,1,2017,-0.01,-0.07,-0.39,-0.61,1.17,0.28,0.24,0.33,0.88
,Recife,2,2017,-1.22,-0.49,0.07,-0.34,0.86,0.84,0.55,6.8,1.11
,Recife,3,2017,0.86,1,-0.19,-0.47,0.3,0.81,0.37,-0.08,-0.45
,Recife,4,2017,0.07,-0.62,-0.77,0.09,2.33,0.6,0.14,0,2.7
,Recife,5,2017,-0.21,4.72,-0.61,1.33,-0.33,0.81,-0.11,0.05,-0.22
,Recife,6,2017,-0.33,-0.09,0.26,1.22,-0.57,0.56,0.68,-0.06,-0.02
,Recife,7,2017,0.39,1.44,-0.39,-0.07,-0.11,0.48,0.69,-0.06,0.18
,Recife,8,2017,-0.44,-0.88,0.3,0.73,3.69,0.21,-0.05,0.1,-2.17
,Recife,9,2017,-0.69,0.68,-0.42,0.09,-0.71,0.12,0.31,0.03,0.16
,Recife,10,2017,-0.72,2.12,-0.43,0.63,-0.9,0.46,0.55,0,-0.04
,Recife,11,2017,-0.71,0.92,-0.68,0,0.86,0.52,0.68,-0.05,0.07
,Recife,12,2017,0.31,-0.11,-0.54,0.68,0.98,0.26,0.38,0.18,0.11
,Recife,1,2018,0.11,-1.37,0.23,-1.11,0.45,0.21,0.57,0.14,-0.04
,Recife,2,2018,-0.42,-0.4,-0.28,-0.16,0.78,0.56,-0.11,4.78,0.08
,Recife,3,2018,-0.63,0.11,0.57,0.96,-2.05,0.64,-0.49,0.19,-0.26
,Recife,4,2018,0.24,0.03,-0.12,-0.13,0.61,0.88,0.25,0.04,0.05
,Recife,5,2018,-0.06,2.95,0.4,0.09,0.99,0.6,0.23,0.09,-0.09
,Recife,6,2018,2.32,2.22,0.58,0.66,2.65,0.66,0.42,-0.1,0.08
,Recife,7,2018,-0.05,0.91,-0.12,-0.35,-0.06,-0.05,0.15,0.09,0.09
,Recife,8,2018,0.32,0.26,0.49,-0.51,-1.1,0.68,-0.02,0.28,-0.05
,Recife,9,2018,0.42,-0.15,0.03,-0.48,0.63,0.37,0.42,0.19,-0.01
,Recife,10,2018,0.48,-0.85,0.33,0.16,0.56,0.22,0.63,0.15,0.07
,Recife,11,2018,0.76,-1.26,0.73,-0.13,-1.02,-0.81,0.57,-0.09,-0.1
,Recife,12,2018,-0.33,-0.16,0.17,1.93,-0.73,0.76,0.31,0.24,0.01
,Recife,1,2019,1.34,-1.01,0.49,-0.75,-0.47,0.08,0.25,0.15,0.09
,Salvador,1,2012,0.31,0.84,-0.12,-0.17,0.01,0.03,0.44,0.14,0.2
,Salvador,2,2012,0.65,0.46,0.55,-0.87,-0.55,1.01,1.02,4.88,-0.23
,Salvador,3,2012,-0.25,0.77,-0.53,0.13,0.57,0.6,1.24,0.5,-0.13
,Salvador,4,2012,0.59,0.08,-1.14,-0.22,0.35,0.98,0.73,0.24,0.55
,Salvador,5,2012,1.56,2.69,-0.22,-0.84,-0.11,0.69,0.56,-0.11,-0.89
,Salvador,6,2012,1.36,0.18,-0.04,0.65,-0.88,0.56,0.29,-0.01,-0.14
,Salvador,7,2012,1.77,-0.07,0.77,0.08,0.18,0.18,1.02,0.09,0.21
,Salvador,8,2012,0.98,0.49,-0.38,0.24,-0.22,0.64,0.54,0.64,-0.09
,Salvador,9,2012,1.64,0.6,1.68,1.46,-0.16,-0.38,-0.34,0.08,0.31
,Salvador,10,2012,0.98,0.57,0.31,1.23,1.48,0.23,0.94,-0.03,0.63
,Salvador,11,2012,0.54,0.24,0.95,0.74,1.12,0.26,-1.03,0,0.4
,Salvador,12,2012,0.82,0.5,-1.6,1.54,0.58,0.26,1.36,0.2,0.32
,Salvador,1,2013,2.17,-0.84,-0.93,0.19,0.91,0.56,0.65,0.27,0.06
,Salvador,2,2013,2.07,-2.97,0.75,1.05,0.49,0.54,0.4,6.19,0.28
,Salvador,3,2013,0.94,0.87,1.14,0.15,-0.49,0.29,1.02,0.73,0.02
,Salvador,4,2013,1.35,0.38,0.28,-0.61,-1.13,1,0.97,0.01,-0.18
,Salvador,5,2013,0.75,-0.9,0.83,0.55,0.09,0.78,0.01,0.06,-0.07
,Salvador,6,2013,0.12,2.2,0.81,0.52,0.24,0.53,-0.15,0.21,0.57
,Salvador,7,2013,-0.33,0.81,-0.38,-0.56,-0.25,0.2,0.28,0.05,0.99
,Salvador,8,2013,0.35,-0.25,0.39,0.84,-0.26,0.5,0.21,1.85,0.3
,Salvador,9,2013,-0.58,0.43,-0.19,1.42,0.14,0.43,0.06,0.11,-0.04
,Salvador,10,2013,0.64,0.45,0.88,1.33,-1.65,0.27,0.35,0.09,0.05
,Salvador,11,2013,-0.09,0.16,1,0.3,0.26,0.01,1.3,0,0.39
,Salvador,12,2013,1.02,-0.28,0.3,0.74,3.96,0.26,1.01,0.09,0.5
,Salvador,1,2014,0.72,1.05,1.04,0.05,0.32,0.62,0.32,0.2,-0.02
,Salvador,2,2014,0.48,0.58,0.64,-0.29,-0.77,0.15,1.65,6.41,0.56
,Salvador,3,2014,0.98,1.24,0.46,-1.25,0.55,0.73,1.47,1.14,-0.84
,Salvador,4,2014,1.01,0.69,1.59,0.15,0.54,1.09,1.21,0,-0.2
,Salvador,5,2014,-0.16,2.19,-0.05,1.01,-0.13,0.98,0.36,0.29,0.02
,Salvador,6,2014,0.43,1.82,0.03,1.42,0.11,0.91,2.92,-0.11,0.07
,Salvador,7,2014,0.32,-1.08,1.05,-0.47,-2.13,0.61,-1.03,-0.03,-0.1
,Salvador,8,2014,0.47,0.32,1.77,1.1,-0.07,0.54,0.56,0.16,0.25
,Salvador,9,2014,0.8,1.68,0.43,0.64,2.3,0.43,0.22,0,-0.01
,Salvador,10,2014,0.1,-0.52,1.05,-0.11,0.4,0.39,-1.42,0.09,-0.04
,Salvador,11,2014,-0.08,1.34,-0.56,-0.49,0.54,0.44,0.58,0.24,-0.01
,Salvador,12,2014,1.18,-0.25,0.31,0.86,0.34,0.45,0.6,0.22,0.1
,Salvador,1,2015,1.01,0.51,0.11,-0.59,0.85,0.55,1.57,0.22,0.5
,Salvador,2,2015,1.47,2.29,0.78,0.3,3.06,0.1,0.08,6.02,0.24
,Salvador,3,2015,1.17,1.59,0.21,-0.57,0.52,0.91,0.59,1.71,-1.17
,Salvador,4,2015,0.21,1.36,0.25,1.31,0.06,0.36,0.94,-0.02,0.54
,Salvador,5,2015,1.27,1.72,0.11,-0.56,-0.4,1.45,1.4,0.22,0.1
,Salvador,6,2015,1.77,0.44,-0.27,0.72,1.11,1.28,1.85,0.14,0.79
,Salvador,7,2015,1.57,-0.5,0.97,-1.03,-0.5,1.18,0.78,0.05,0.74
,Salvador,8,2015,0.53,0.37,0.07,0.63,0.84,0.75,1.19,0.43,0.3
,Salvador,9,2015,0.12,1.05,0.96,-0.01,0.25,0.45,0.43,0.15,0.22
,Salvador,10,2015,0.32,1.52,0.16,1.06,0.73,0.48,-0.14,-0.05,0.42
,Salvador,11,2015,2.3,0.08,-0.68,0.64,1.11,0.48,0.87,0.17,0.93
,Salvador,12,2015,1.18,0.61,0.11,1.87,0.88,0.26,0.96,0.07,-0.11
,Salvador,1,2016,2.69,1.54,0.69,-0.38,1.25,0.86,1.02,0.34,0.12
,Salvador,2,2016,2.56,0.11,0.89,1.42,0.44,1.12,0.56,6.47,0.04
,Salvador,3,2016,0.26,-1.55,-0.51,-0.13,-0.54,0.9,0.36,0.45,-2.22
,Salvador,4,2016,0.98,0.16,-0.17,0.42,-0.55,2.15,0.42,0.44,2.87
,Salvador,5,2016,0.49,1.78,0.9,0.88,0.86,1.86,0.4,0.17,-0.27
,Salvador,6,2016,1.28,1.81,0.7,-0.06,-1.54,0.97,0.78,-0.06,0.05
,Salvador,7,2016,1.76,0.91,0.64,-0.63,1.37,0.82,1.23,-0.08,-0.05
,Salvador,8,2016,0.21,-0.5,0.74,0.97,0.09,0.83,0.12,0.41,0.17
,Salvador,9,2016,0.49,1.27,0.05,-0.2,-1.74,0.53,0.43,0.32,0.46
,Salvador,10,2016,-0.41,0.71,0.32,1.09,2.29,0.17,-0.08,-0.23,-0.21
,Salvador,11,2016,-0.73,0.47,0.17,-0.6,-0.81,0.65,0.61,0.13,-0.1
,Salvador,12,2016,-0.4,-0.3,0.67,1.06,0.84,0.47,0.85,0.13,0.06
,Salvador,1,2017,0.94,0.2,-1.2,-0.72,0.91,0.23,0.73,0.41,0.32
,Salvador,2,2017,-1,0.1,1.1,0.3,2.18,0.3,-0.15,7.2,0.54
,Salvador,3,2017,-0.12,1.05,-0.83,-0.28,-0.58,0.41,0.31,0.18,-0.55
,Salvador,4,2017,0.23,-1.15,-0.42,-0.42,-0.82,0.72,-0.16,-0.08,0.29
,Salvador,5,2017,-0.49,2.62,-0.28,0.88,-0.34,0.92,0.74,0.02,0.33
,Salvador,6,2017,0.43,1.38,-0.1,0.83,-1.86,0.23,0.32,-0.06,-0.16
,Salvador,7,2017,0.51,0.98,-0.85,-0.34,0.67,0.35,0.4,0.19,-0.18
,Salvador,8,2017,0.32,-1.28,-0.54,0.9,0.32,0.09,0.45,0.31,0
,Salvador,9,2017,-0.84,1.15,0.22,0.19,1.27,0.69,0.42,0.07,0.63
,Salvador,10,2017,0.33,1.39,-0.9,0,0.61,0.22,0.36,0.02,0.6
,Salvador,11,2017,-1.99,0.46,-0.31,0.59,0.06,0.31,0.44,0.01,0.05
,Salvador,12,2017,-0.44,-1.06,0.25,1.19,0.68,0.36,0.35,0.25,-0.24
,Salvador,1,2018,0.39,-1.55,0.46,-0.51,1.37,0.06,0.21,0.14,0.22
,Salvador,2,2018,-0.45,0.36,-0.59,-0.34,2.41,0.21,-0.14,4.03,0.05
,Salvador,3,2018,-1.01,0.2,-0.27,-0.78,-0.57,0.93,-0.06,0.53,-0.14
,Salvador,4,2018,0.67,0.7,1.06,0.15,-0.66,0.88,0.21,0.23,-0.18
,Salvador,5,2018,0.65,2.97,0.62,0.37,2,0.38,0.22,0.08,0.04
,Salvador,6,2018,1.97,2.65,0.18,-0.02,-0.01,0.49,0.21,-0.22,-0.04
,Salvador,7,2018,-0.28,1.27,0.45,-0.09,1.08,0.16,0.26,0.26,-0.03
,Salvador,8,2018,-0.64,0.03,1.5,0.92,-0.91,0.01,0.39,0.3,0.11
,Salvador,9,2018,0.4,0.26,0.59,0.16,1.04,0.16,0.34,0,-0.19
,Salvador,10,2018,0.64,-0.14,0.64,0.45,0.88,0.59,0.16,0.12,0.06
,Salvador,11,2018,0.65,-0.92,0.76,-1.33,-1.55,-1.14,0.25,-0.18,-0.07
,Salvador,12,2018,1.78,-0.49,-0.27,1.49,-0.64,0.58,0.28,0.22,-0.01
,Salvador,1,2019,-0.18,0.31,0.55,-1.41,0.86,0.11,0.31,0.07,0.21
,Belo Horizonte,1,2012,0.45,0.52,-0.47,0.27,1.35,0.15,0.64,0.26,0.17
,Belo Horizonte,2,2012,0.67,0.72,0.06,-0.33,-0.31,0.34,1.2,6.94,-0.06
,Belo Horizonte,3,2012,0.39,0.12,0.31,-0.52,0.32,0.64,1.98,0.21,-0.33
,Belo Horizonte,4,2012,0.25,1.02,0.01,0.57,0.26,0.71,1.91,-0.02,0.1
,Belo Horizonte,5,2012,0.98,1.57,-0.37,1.06,-0.26,0.64,1.76,-0.02,-0.88
,Belo Horizonte,6,2012,0.3,0.78,0.73,0.52,-1.24,0.21,0.99,0.16,0
,Belo Horizonte,7,2012,1.04,0.66,0.17,0.78,-0.64,0.45,0.87,0.17,0.1
,Belo Horizonte,8,2012,0.99,0.23,-0.16,1.16,0.15,0.39,-0.37,0.57,0.14
,Belo Horizonte,9,2012,1.63,0.76,0.68,1.04,-0.61,0.33,1.64,0.15,0.26
,Belo Horizonte,10,2012,1.12,0.14,-0.62,1.05,0.81,0.44,-0.87,0.02,0.4
,Belo Horizonte,11,2012,0.65,0.51,0.5,1.97,-0.03,0.38,0.48,0.16,0.49
,Belo Horizonte,12,2012,0.45,0.24,-0.27,1.38,0.45,0.46,0.91,0.07,-0.09
,Belo Horizonte,1,2013,1.13,0.07,0.97,-0.85,0.74,0.43,1.51,0.24,-0.04
,Belo Horizonte,2,2013,1.71,-2.37,0.2,0.53,1.57,0.67,1.04,6.69,0.18
,Belo Horizonte,3,2013,1.57,0.77,0.45,0.54,-0.35,0.24,1.13,0.08,0.18
,Belo Horizonte,4,2013,0.97,0.79,0.31,0.81,0.06,0.91,1.37,0,-0.36
,Belo Horizonte,5,2013,0.29,1.52,0.41,1.31,-0.19,0.95,0.15,0.26,-0.22
,Belo Horizonte,6,2013,0.42,0.65,-0.29,0.05,-0.07,0.69,0.29,0.2,0.59
,Belo Horizonte,7,2013,-0.13,0.3,0.26,-0.08,-0.61,0.42,0.96,0.25,0.9
,Belo Horizonte,8,2013,-0.53,0.41,1.36,-0.26,-0.46,0.43,0.4,0.44,0.05
,Belo Horizonte,9,2013,0.29,0.5,1.07,0.17,-0.1,0.62,0.63,0.28,-0.24
,Belo Horizonte,10,2013,0.76,0.51,0.84,0.92,-0.16,0.34,0.2,0,0.14
,Belo Horizonte,11,2013,0.5,0.56,0.86,0.79,-0.1,0.52,1.04,0.02,0.39
,Belo Horizonte,12,2013,0.59,0.43,1.02,0.87,1.32,0.46,0.78,0.12,0.8
,Belo Horizonte,1,2014,0.28,0.52,0.15,0.56,0.33,0.71,1.51,0.35,0.03
,Belo Horizonte,2,2014,1.19,0.55,0.47,0.53,-0.48,0.53,0.51,7.15,-0.05
,Belo Horizonte,3,2014,1.63,0.26,1.63,0,0.84,0.66,0.77,0.5,-0.79
,Belo Horizonte,4,2014,0.84,2.33,-0.46,0.96,0.36,0.57,0.59,-0.1,0.11
,Belo Horizonte,5,2014,0.47,1.58,0.33,1.17,0.32,0.73,0.89,0.26,0.07
,Belo Horizonte,6,2014,0.51,0.46,1.05,0.17,0.17,0.31,1.82,0.01,0.05
,Belo Horizonte,7,2014,0.21,0.34,0.64,0.22,-0.46,0.59,-0.29,-0.01,0
,Belo Horizonte,8,2014,-0.14,-0.27,0.94,-0.48,-0.02,0.51,-0.25,0.22,0.21
,Belo Horizonte,9,2014,0.88,0.86,0.47,0.36,-0.02,0.16,0.6,0.12,0.15
,Belo Horizonte,10,2014,0.33,0.64,0.34,0.4,0.05,0.34,0.45,0.12,-0.08
,Belo Horizonte,11,2014,0.32,0.37,0.04,0.65,0.29,0.53,0.53,0.17,-0.01
,Belo Horizonte,12,2014,0.31,-0.07,0.52,-0.48,1.11,0.47,0.45,0.18,0.04
,Belo Horizonte,1,2015,0.57,2.34,-0.12,-0.62,1.23,0.14,1.86,0.16,0.47
,Belo Horizonte,2,2015,0.83,0.28,0.2,-0.68,1.88,0.65,1.22,7.44,0.11
,Belo Horizonte,3,2015,1.29,5.02,0.13,0.75,1.48,0.51,0.64,0.08,-1.55
,Belo Horizonte,4,2015,0.96,1.21,1.55,0.69,-0.09,1.28,-0.04,0.13,0.37
,Belo Horizonte,5,2015,1.17,2.1,0.53,0.41,-0.29,0.99,0.4,0.08,0.15
,Belo Horizonte,6,2015,1.02,1.28,0.65,0.44,0.22,1.05,1.22,0.42,0.63
,Belo Horizonte,7,2015,1.37,0.8,0.67,0.75,-0.21,0.82,1.02,0.07,0.54
,Belo Horizonte,8,2015,-0.62,-0.02,0,-0.05,0.49,0.3,0.61,0.17,0.18
,Belo Horizonte,9,2015,0.14,1.18,0.07,0.22,0.48,0.67,0.25,0.17,-0.02
,Belo Horizonte,10,2015,0.31,0.36,0.2,0.66,1.36,0.51,0.54,0.07,0.61
,Belo Horizonte,11,2015,1.31,-0.04,0.9,0.11,1.66,0.34,0.29,0.18,1.4
,Belo Horizonte,12,2015,0.95,-0.15,-0.22,0.9,0.85,0.54,0.49,0.25,0.06
,Belo Horizonte,1,2016,1.39,0.37,0.89,-0.57,1.88,1.16,1.34,0.28,0.14
,Belo Horizonte,2,2016,0.97,0.33,0.84,0.15,1,0.5,0.66,6.75,1.08
,Belo Horizonte,3,2016,1.84,-0.86,0.72,0.8,0.31,0.75,-0.17,0.66,-1.04
,Belo Horizonte,4,2016,2.27,-0.85,0.66,-0.15,0.04,2.08,0.63,0.24,0.27
,Belo Horizonte,5,2016,1.35,1.94,0.66,-0.03,-0.74,1.46,1.29,0.06,0.11
,Belo Horizonte,6,2016,1.07,1.71,1.12,1.02,-0.12,0.8,0.74,0.11,0.01
,Belo Horizonte,7,2016,1.96,0.13,0.58,0.64,0.03,0.53,0.91,-0.01,-0.05
,Belo Horizonte,8,2016,0.25,0.12,0.59,-0.47,0.26,0.68,0.59,0.65,-0.07
,Belo Horizonte,9,2016,-0.49,0.77,-0.28,0.79,-0.81,0.47,0.07,0.32,0.35
,Belo Horizonte,10,2016,-0.24,0.62,-0.16,-0.22,0.92,0.51,0.35,0.11,0.14
,Belo Horizonte,11,2016,-0.57,0.41,0.17,-0.41,-0.02,0.65,0.71,0.18,0
,Belo Horizonte,12,2016,-0.45,-0.67,-1.07,1.08,1.08,0.67,0.92,0.08,0.01
,Belo Horizonte,1,2017,-0.33,0.58,0.47,-0.39,1.91,0.67,0.47,0.1,0.57
,Belo Horizonte,2,2017,-0.15,0.29,-0.83,0.03,-0.15,0.31,0.35,6.64,0.83
,Belo Horizonte,3,2017,-0.42,1.33,0.29,-0.49,-1.03,0.36,0.11,0.08,-0.82
,Belo Horizonte,4,2017,0.36,-1.36,0.03,0.33,-0.34,0.55,0.27,0.05,0.53
,Belo Horizonte,5,2017,0.23,1.28,0.13,0.85,-0.5,0.4,0.03,-0.01,-0.16
,Belo Horizonte,6,2017,-0.22,-2.21,-0.08,0.51,-0.45,0.55,0.23,0.11,0.07
,Belo Horizonte,7,2017,-0.27,1.87,0.08,-0.77,0.16,0.66,0.43,0.02,0.01
,Belo Horizonte,8,2017,-1.59,0.99,0.34,0.68,2.11,0.44,0.28,-0.26,-0.14
,Belo Horizonte,9,2017,-0.45,0.22,-0.11,0.46,0.96,0.46,0.3,0.19,0.61
,Belo Horizonte,10,2017,-0.43,1.48,0.1,0.2,0.44,0.34,0.08,-0.15,0.5
,Belo Horizonte,11,2017,-1.02,1.02,-0.76,-0.39,-0.5,0.1,0.15,0.21,0.42
,Belo Horizonte,12,2017,0.18,-0.89,0.83,0.44,1.22,0.47,0.38,0.13,-0.1
,Belo Horizonte,1,2018,0.09,-1.45,-0.55,-0.77,2.49,0.18,0.34,0.27,0.18
,Belo Horizonte,2,2018,-0.33,0.09,0.29,-0.37,0.68,0.5,0.45,3.2,0.1
,Belo Horizonte,3,2018,0.09,0.58,0.34,0.52,0.05,0.53,-0.12,0.3,-0.5
,Belo Horizonte,4,2018,0.56,-0.24,0.21,1.17,-0.19,0.61,0.32,-0.01,-0.16
,Belo Horizonte,5,2018,-0.11,-0.15,0.06,0.69,0.41,0.97,0.23,0.16,0.04
,Belo Horizonte,6,2018,2.9,4.91,0.88,-0.29,2.16,0.38,0.7,0.13,-0.06
,Belo Horizonte,7,2018,-0.2,1.46,0.4,-0.26,-0.22,0.15,0.29,0.01,0.26
,Belo Horizonte,8,2018,-0.52,1.11,0.8,-0.17,-0.87,0.25,0.4,-0.3,0.05
,Belo Horizonte,9,2018,0.48,-1.18,0.3,-0.21,1.78,0.16,0.3,0.2,0.09
,Belo Horizonte,10,2018,0.87,-0.32,0.25,0.15,0.65,0.38,0.45,0.11,-0.06
,Belo Horizonte,11,2018,0.24,-0.11,0.19,0.01,-0.78,-0.64,0.2,0.17,-0.15
,Belo Horizonte,12,2018,-0.3,0.52,1.1,0.36,-1.39,0.75,0.31,0.14,0.07
,Belo Horizonte,1,2019,1.42,0,-0.05,-0.68,1.01,0.23,0.8,0.01,0.17
,Rio de Janeiro,1,2012,0.64,0.28,0.84,-0.18,3.14,0.64,0.76,0.17,0.23
,Rio de Janeiro,2,2012,0.46,1.19,0.63,-0.36,0.49,0.65,2.63,6.05,-0.28
,Rio de Janeiro,3,2012,0.36,0.63,-1.33,0.34,-0.24,0.31,-1.49,0.29,-0.3
,Rio de Janeiro,4,2012,0.04,0.86,0.09,0.27,0.4,0.73,4.17,-0.01,0.6
,Rio de Janeiro,5,2012,0.25,0.9,0.38,0.64,-0.47,0.94,-1.39,0.03,-0.94
,Rio de Janeiro,6,2012,1.6,0.12,-0.5,0.57,-0.53,0.63,-0.56,0.06,-0.01
,Rio de Janeiro,7,2012,1.41,0.31,0.42,0.54,0.1,0.2,1.34,0.03,0.27
,Rio de Janeiro,8,2012,1.06,1.03,0.34,0.78,-0.11,0.34,-0.17,0.29,-0.02
,Rio de Janeiro,9,2012,1.49,0.41,0.08,0.99,0.34,0.73,1.71,-0.03,0
,Rio de Janeiro,10,2012,1.29,0.27,0.1,1.03,0.16,0.82,-0.27,0.07,-0.25
,Rio de Janeiro,11,2012,-0.77,1.91,-0.48,1.03,0.28,0.49,1.05,0.08,0.19
,Rio de Janeiro,12,2012,1.25,0.86,0.21,0.73,0.87,0.36,4.68,0.28,-0.02
,Rio de Janeiro,1,2013,0.86,0.21,2.18,0.64,0.88,1,-0.5,0.26,-0.03
,Rio de Janeiro,2,2013,1.1,-2.04,0.06,-0.82,0.26,0.83,0.26,5.2,0.1
,Rio de Janeiro,3,2013,1.86,-0.15,-0.19,-0.38,-0.83,0.15,-0.22,0.2,0.28
,Rio de Janeiro,4,2013,0.85,0.72,-0.42,0.93,0.22,1.38,0.19,0.12,-0.51
,Rio de Janeiro,5,2013,0.37,1.46,0.84,0.52,0.1,1.34,0.74,0.04,-0.2
,Rio de Janeiro,6,2013,1.14,0.11,-0.16,1.03,1.33,0.31,1,0.27,0.35
,Rio de Janeiro,7,2013,0.07,0.03,0.78,0.03,-1.38,0.4,0.86,0.12,-0.01
,Rio de Janeiro,8,2013,-0.02,0.69,1.2,-0.44,-0.09,0.22,0.35,0.52,0.07
,Rio de Janeiro,9,2013,0.53,0.79,0.97,0.48,0.44,0.64,-0.36,0.17,0.01
,Rio de Janeiro,10,2013,1.17,0.28,0.36,0.87,0.39,0.48,0.29,0.19,0.01
,Rio de Janeiro,11,2013,0.01,1.76,0.23,0.44,0.3,0.45,2.08,0.39,0.51
,Rio de Janeiro,12,2013,1.04,0.89,1.84,1.78,1.55,0.4,1.57,0.04,0.87
,Rio de Janeiro,1,2014,0.67,0.13,-0.78,-0.2,0.02,0.31,1.5,0.21,0.02
,Rio de Janeiro,2,2014,0.47,1.61,0.39,-0.37,1.16,0.89,0.66,7.77,0.19
,Rio de Janeiro,3,2014,2.28,-0.19,0.71,0.33,2.36,0.31,2.81,0.26,-1.81
,Rio de Janeiro,4,2014,1.14,0.38,0.95,0.97,0.09,0.69,-0.99,-0.02,0.16
,Rio de Janeiro,5,2014,0.74,1.17,1.79,0.8,-0.58,1.18,0.12,0.2,0.41
,Rio de Janeiro,6,2014,0.71,-0.4,0.41,0.79,1.2,0.56,0.29,0.12,0
,Rio de Janeiro,7,2014,-0.01,0.39,0.79,0.77,-1.74,0.47,1.23,0.2,0.08
,Rio de Janeiro,8,2014,0.56,0.93,1.29,-0.89,0.12,0.52,0.47,-0.05,0.06
,Rio de Janeiro,9,2014,0.63,0.17,0.46,0.39,0.72,0.44,-0.27,0.1,0.4
,Rio de Janeiro,10,2014,0.35,1.16,-0.38,0.3,0.4,0.53,0.87,0.23,0
,Rio de Janeiro,11,2014,0.01,2.12,0.94,-0.03,0.18,0.43,0.13,0.1,0.09
,Rio de Janeiro,12,2014,2.06,1.06,-0.28,2.19,2.02,0.32,1.46,0.07,0.04
,Rio de Janeiro,1,2015,1.03,2.22,-0.41,-1.06,4.04,0.28,2.41,0.37,-0.04
,Rio de Janeiro,2,2015,1.09,1.02,0.3,-0.56,0.84,0.84,1.96,6.89,-0.16
,Rio de Janeiro,3,2015,0.66,5.98,0.55,0.94,0.18,1.09,-0.32,0.23,-1.48
,Rio de Janeiro,4,2015,0.92,1.35,0.33,0.96,1.01,0.8,-0.21,-0.01,0.43
,Rio de Janeiro,5,2015,1,1.01,0.33,-0.33,-0.95,1.19,-0.57,-0.04,0.17
,Rio de Janeiro,6,2015,0.52,0.75,-0.15,1.07,0.88,0.79,1.41,0.48,-0.17
,Rio de Janeiro,7,2015,1.19,0.1,1.33,-0.29,-0.03,1.4,0.59,0.06,-0.11
,Rio de Janeiro,8,2015,-0.18,0.64,-0.57,-0.16,-0.71,0.49,0.26,0.41,0.28
,Rio de Janeiro,9,2015,0.68,0.46,-0.47,0.37,0.72,0.52,0.92,0.3,-0.08
,Rio de Janeiro,10,2015,0.32,0.52,0.41,1.1,1.23,0.42,0.74,0.07,0.24
,Rio de Janeiro,11,2015,1.82,2.35,0.16,0.56,0.51,0.68,0.83,0.22,0.87
,Rio de Janeiro,12,2015,1.79,1.22,0.8,0.6,1.47,0.76,1.37,0.32,-0.03
,Rio de Janeiro,1,2016,2.06,0.49,0.48,-0.78,4.31,0.3,2.31,0.87,0.14
,Rio de Janeiro,2,2016,1.08,-0.34,0.95,-0.66,0.02,0.67,0.61,7.29,0.84
,Rio de Janeiro,3,2016,0.26,-0.11,0.95,0.81,0.1,0.92,0.72,0.23,-2.41
,Rio de Janeiro,4,2016,1.14,-0.64,0.23,0.44,0.34,2.27,-0.03,0.34,1.65
,Rio de Janeiro,5,2016,0.63,0.69,1.1,1.16,-0.75,1.88,0.95,0.19,0
,Rio de Janeiro,6,2016,0.6,0.33,0.23,0.6,0.11,1.27,0.25,0.13,0.12
,Rio de Janeiro,7,2016,1.43,-0.1,0.36,-0.65,0.57,0.65,1.02,-0.04,0.07
,Rio de Janeiro,8,2016,1.16,0.98,0.6,-0.6,0.43,0.68,3.64,0.83,-0.02
,Rio de Janeiro,9,2016,-0.59,0.42,0.54,0.18,-0.35,0.56,-0.53,0.09,-0.11
,Rio de Janeiro,10,2016,-0.13,1.05,-0.64,0.81,0.25,0.79,-0.98,-0.01,-0.09
,Rio de Janeiro,11,2016,0.03,-0.72,-0.16,0.55,0.35,0.58,-0.38,-0.11,0.28
,Rio de Janeiro,12,2016,-0.63,-0.93,-0.98,0,1.62,0.37,1.5,0.24,0
,Rio de Janeiro,1,2017,-0.06,0.53,0.59,0.48,0.38,0.07,0.36,0.49,0.51
,Rio de Janeiro,2,2017,-0.08,0.81,-0.36,-0.33,0.68,0.97,0.44,6.4,0.86
,Rio de Janeiro,3,2017,-0.01,1.6,-0.17,-0.61,-0.3,1.12,0.36,0.15,-0.82
,Rio de Janeiro,4,2017,0.51,0.12,-0.86,0.49,0.68,0.87,-0.22,0.11,-0.02
,Rio de Janeiro,5,2017,-0.03,1.57,-0.04,0.93,-0.78,0.49,0,0.06,-0.08
,Rio de Janeiro,6,2017,-0.19,-0.45,-0.14,0.8,0.1,0.39,0.09,-0.09,0.13
,Rio de Janeiro,7,2017,-0.49,0.84,-0.32,-1.34,0.22,0.33,-0.07,0.04,0.02
,Rio de Janeiro,8,2017,-0.9,0.7,0.74,0.53,0.33,0.25,0.11,0.15,-0.01
,Rio de Janeiro,9,2017,0.37,-0.43,-0.11,-0.15,0.15,0.41,0.62,0.13,0.5
,Rio de Janeiro,10,2017,-0.85,0.07,-0.65,0.77,0.7,0.76,0.56,0,0.37
,Rio de Janeiro,11,2017,0.23,1.09,-1.18,0.44,-0.94,0.62,0.49,-0.01,0.45
,Rio de Janeiro,12,2017,0.59,-0.11,-0.02,1.44,0.55,0.68,0.88,0.07,-0.12
,Rio de Janeiro,1,2018,0.54,-0.52,0.2,-1.06,0.98,0.66,0.23,0.27,0.12
,Rio de Janeiro,2,2018,0.37,0.31,0.14,-0.75,1.89,0.42,0.39,4.57,-0.09
,Rio de Janeiro,3,2018,-0.24,1.42,-0.14,-0.04,-0.35,0.08,-0.28,-0.08,-0.39
,Rio de Janeiro,4,2018,-0.36,0.91,-0.44,0.83,0.07,1.1,0.18,0.3,0
,Rio de Janeiro,5,2018,0.26,0.37,-0.16,0.89,0.18,0.6,-0.5,0.1,0.54
,Rio de Janeiro,6,2018,2.58,2.05,0.94,-0.52,1.41,0.51,-0.06,-0.03,0.05
,Rio de Janeiro,7,2018,-0.04,0.57,1.14,-0.5,2.92,0.16,0.45,-0.02,-0.01
,Rio de Janeiro,8,2018,-0.58,-0.33,0.78,0.1,-1.47,0.67,0.04,0.04,0.05
,Rio de Janeiro,9,2018,0.09,0.33,-0.34,0.27,1.28,0.56,0.24,0.14,0.01
,Rio de Janeiro,10,2018,-0.04,-0.06,0.83,0.55,0.62,0.56,0.05,0.08,0.01
,Rio de Janeiro,11,2018,0.3,-0.63,0.54,-0.9,-0.09,-0.4,0.65,0.12,-0.02
,Rio de Janeiro,12,2018,0.49,-0.35,0.71,1.93,0.62,0.26,0.19,0.27,0.02
,Rio de Janeiro,1,2019,0.05,0.9,0.87,-1.87,0.26,0.45,0.91,0.21,0.08
,São Paulo,1,2012,0.91,0.39,1.08,0.36,0.19,0.42,0.83,0.09,0.27
,São Paulo,2,2012,0.06,0.27,0.04,0.15,-0.44,0.78,0.25,6.1,-0.16
,São Paulo,3,2012,-0.04,0.38,-0.97,-1.27,0.06,0.53,0.52,0.46,-0.63
,São Paulo,4,2012,0.6,0.72,-1.35,1.61,0.15,1.01,1.94,-0.01,0.36
,São Paulo,5,2012,0.87,0.19,0.3,1.03,-0.89,0.54,0.81,0.03,0.21
,São Paulo,6,2012,0.78,0.39,-0.61,0.83,-1.47,0.32,0.63,0.07,0.02
,São Paulo,7,2012,0.95,0.72,-0.28,-0.66,-0.16,0.5,0.82,0.13,-0.05
,São Paulo,8,2012,0.86,-0.43,0.7,-0.35,0.08,0.49,0.92,0.43,0.03
,São Paulo,9,2012,1.25,0.82,-0.5,1.24,-0.04,0.28,0.44,0.09,-0.03
,São Paulo,10,2012,1.1,0.52,0.94,1.23,-0.15,0.47,0.32,0.07,0.26
,São Paulo,11,2012,0.53,0.5,0.63,0.41,0.47,0.47,0.36,-0.01,0.22
,São Paulo,12,2012,0.48,0.72,0.84,0.8,0.97,0.35,0.35,0.15,0.1
,São Paulo,1,2013,1.94,0.07,1.51,-0.84,0.67,0.83,2.6,0.15,-0.16
,São Paulo,2,2013,1.35,-2.04,1.14,0.84,0.59,0.64,0.7,6.07,0.05
,São Paulo,3,2013,0.64,0.41,-0.7,0.19,0.34,0.45,0.89,0.47,0.02
,São Paulo,4,2013,0.7,0.29,0.93,0.63,0.07,1.32,0.7,0.06,-0.48
,São Paulo,5,2013,0.45,0.55,0.3,0.54,-0.49,0.89,0.17,0,0.53
,São Paulo,6,2013,0.41,0.63,0.09,0.58,0.25,0.18,0.36,0.16,-0.15
,São Paulo,7,2013,0.02,0.71,0.07,-0.68,-0.79,0.34,1.25,0.09,0.04
,São Paulo,8,2013,0.43,0.45,0.62,0.03,-0.29,0.58,0.62,0.42,0
,São Paulo,9,2013,0.36,0.57,0.62,0.72,0.51,0.33,0.2,0.06,-0.05
,São Paulo,10,2013,1.31,0.44,0.93,1.77,0.21,0.53,0.47,0.18,0.04
,São Paulo,11,2013,0.57,0.45,-0.24,0.68,0.21,0.59,0.3,-0.03,0.41
,São Paulo,12,2013,0.55,0.74,1.8,0.74,1.85,0.43,0.91,0.02,0.74
,São Paulo,1,2014,0.32,0.65,0.41,-0.23,0.03,0.64,1.95,0.5,0.07
,São Paulo,2,2014,1.23,0.63,1.87,-0.28,0.47,0.86,0.6,6.11,0.05
,São Paulo,3,2014,1.87,0.22,-0.31,0.97,1.52,0.31,0.6,0.21,-1.09
,São Paulo,4,2014,0.82,0.7,-0.63,-0.26,0.13,1.15,0.5,-0.07,-0.07
,São Paulo,5,2014,0.94,-1.66,1.66,1.16,-0.97,1.06,1.03,0.06,0.06
,São Paulo,6,2014,0.06,0.84,0.47,0.25,0.14,0.66,1.34,0.09,-0.02
,São Paulo,7,2014,0.36,2.02,1.32,-0.63,-0.69,0.48,0.27,-0.06,-2.67
,São Paulo,8,2014,-0.3,1.19,0.22,-0.38,0.23,0.29,0,0.58,0.08
,São Paulo,9,2014,1.17,0.38,0.4,1.02,0.75,0.29,0.8,0.19,-0.13
,São Paulo,10,2014,0.2,0.68,0.08,0.97,0.51,0.47,0.2,0.05,-0.06
,São Paulo,11,2014,0.63,0.45,0.14,0.39,0.26,0.53,0.67,0.16,0.1
,São Paulo,12,2014,0.55,0.28,-0.71,0.88,1.38,0.49,0.57,0.12,0.02
,São Paulo,1,2015,1.33,3.21,-0.72,-1.64,2.89,0.49,1.56,0.19,0.02
,São Paulo,2,2015,0.52,1.69,1.62,-1.08,2.22,0.61,0.82,5.72,-0.12
,São Paulo,3,2015,0.79,5.59,0.51,1.23,0.29,0.64,0.35,1.02,-0.88
,São Paulo,4,2015,0.76,0.4,0.35,1.3,-0.06,1.27,0.7,0.44,0.08
,São Paulo,5,2015,1.82,1.09,0.25,0.87,-0.7,0.84,1.11,0.02,0.11
,São Paulo,6,2015,0.84,1.05,1.35,0.53,0.52,0.98,1.43,0.1,0.35
,São Paulo,7,2015,0.76,3.1,0.41,-0.57,0.12,0.81,0.53,-0.07,0.3
,São Paulo,8,2015,0.34,0.33,0.4,0.64,-0.86,0.72,1.01,1.5,0.01
,São Paulo,9,2015,0.73,1.53,-0.21,0.92,1.05,0.62,0.12,0.26,0.06
,São Paulo,10,2015,0.77,0.72,0.8,0.5,2.32,0.65,0.57,0.04,0.13
,São Paulo,11,2015,1.05,0.79,0.06,1.23,1.21,0.56,0.31,0.19,0.84
,São Paulo,12,2015,1.07,0.25,0.44,0.71,1.28,1,0.37,0.17,1.25
,São Paulo,1,2016,1.7,0.8,-0.25,-0.17,1.77,1,0.59,0.19,0.04
,São Paulo,2,2016,0.54,-0.2,1.35,-0.07,0.73,1.06,0.97,5.76,0.79
,São Paulo,3,2016,1.16,-0.55,1.13,1.46,0.07,0.83,1.1,0.51,-1.39
,São Paulo,4,2016,0.71,-0.6,-0.23,0.32,-0.32,2.31,0.1,0.1,0.99
,São Paulo,5,2016,0.67,3.58,0.74,1.22,-1.21,1.49,2.02,0.14,0.05
,São Paulo,6,2016,1.49,0.54,0.25,-0.13,-0.59,0.82,0.1,0.19,0.03
,São Paulo,7,2016,1.47,-0.96,0.61,-0.86,0.22,0.55,0.54,0.09,0.03
,São Paulo,8,2016,0.64,0.22,0.43,0.17,0.55,1.29,0.59,0.96,-0.05
,São Paulo,9,2016,0.15,0.26,-0.56,0.82,-0.27,0.35,0.03,0.01,0.25
,São Paulo,10,2016,-0.44,0.15,-0.22,0.3,1.17,0.38,0.11,0.04,0.24
,São Paulo,11,2016,-0.64,0.56,-1.03,0.49,0.66,0.61,0.54,0.06,0.55
,São Paulo,12,2016,0.16,-0.36,-0.36,-0.35,1.08,0.6,0.86,0,0.06
,São Paulo,1,2017,-0.2,-0.13,-0.31,0.11,0.49,0.63,0.42,0.34,0.7
,São Paulo,2,2017,-0.16,0.37,0.45,0.06,-0.25,0.62,0.19,3.63,0.52
,São Paulo,3,2017,0.28,1.06,-0.14,-0.06,-1.32,0.84,1.1,2.04,-0.56
,São Paulo,4,2017,0.8,-1.45,-0.29,1.02,-0.35,1.34,0.2,-0.01,-0.2
,São Paulo,5,2017,0.09,2.39,-0.28,1.38,-0.92,0.66,0.37,0.16,0.18
,São Paulo,6,2017,-0.19,-1.18,0.11,-0.47,-0.74,0.49,0.35,0.11,0.2
,São Paulo,7,2017,-0.53,2.17,-0.1,-0.22,0.74,0.24,0.49,-0.16,-0.01
,São Paulo,8,2017,-0.91,0.79,0.16,0.26,1.35,0.77,0.36,0.37,-0.4
,São Paulo,9,2017,-0.06,-0.71,0.67,0.44,0.81,0.24,0.88,-0.03,0.31
,São Paulo,10,2017,-0.01,1.42,-0.78,1.01,0.66,0.66,0.16,0.05,0.27
,São Paulo,11,2017,-0.38,1.64,-0.31,-0.24,1.41,0.4,0.7,0.01,-0.18
,São Paulo,12,2017,0.82,-0.01,0.22,0.96,1.32,0.53,0.33,0.02,-0.11
,São Paulo,1,2018,0.18,-0.89,0.17,-1.47,1.21,0.58,0.13,0.19,0.15
,São Paulo,2,2018,-0.38,0.26,0.03,0.39,0.49,0.42,0.07,3.51,0.1
,São Paulo,3,2018,0.39,0.1,-0.09,-0.1,-0.12,0.52,0.22,0.36,-0.38
,São Paulo,4,2018,-0.48,-0.24,0.2,1.01,0.12,1.11,-0.02,0.08,-0.06
,São Paulo,5,2018,0.61,0.35,-0.62,0.74,-0.28,0.37,0.11,0.03,-0.02
,São Paulo,6,2018,2.22,1.86,-0.03,-0.44,1.44,0.35,0.34,0.01,0.02
,São Paulo,7,2018,1.11,2.75,0.48,-1.06,-0.13,-0.07,0.29,-0.13,0.14
,São Paulo,8,2018,0.18,0.68,0.53,0.35,-1.03,0.68,0.51,0.53,0.03
,São Paulo,9,2018,0.31,0.56,0.23,0.1,1.8,0.31,0.63,0.42,-0.19
,São Paulo,10,2018,0.35,-0.09,1.11,0.56,1.02,0.17,0.33,0.02,0.05
,São Paulo,11,2018,-0.12,-0.82,0.48,-0.47,-0.72,-0.5,0.32,0.01,-0.16
,São Paulo,12,2018,-0.01,0.01,0.78,0.83,-0.5,0.18,0.22,0.25,-0.03
,São Paulo,1,2019,0.62,0.23,0.37,-0.84,0.39,0.25,0.56,0.17,-0.02
,Curitiba,1,2012,0.57,0.87,-1.16,0.39,0.02,0.05,0.6,0.14,0.26
,Curitiba,2,2012,0.19,0.6,-1.55,0.41,-0.83,0.87,0.92,6.08,-0.14
,Curitiba,3,2012,-0.24,0.79,0.36,-1.25,0.19,-0.06,0.88,0.26,-0.15
,Curitiba,4,2012,-0.19,1.92,-0.57,1.21,0.12,0.77,2.46,-0.42,0.05
,Curitiba,5,2012,0.96,0.42,0.47,1,-0.54,1.25,1.04,-0.48,0.01
,Curitiba,6,2012,1.19,0.22,0.99,0.05,-1.39,0.01,0.31,0.03,0.09
,Curitiba,7,2012,1.21,-0.04,0.45,0.06,0,0.48,0.33,0.28,0.4
,Curitiba,8,2012,1.53,0.33,0.53,-0.18,0.12,1.02,0.71,0.51,-0.07
,Curitiba,9,2012,1,0.31,0.28,1.44,-0.72,0.28,0.24,0.11,0.13
,Curitiba,10,2012,0.96,0.29,-0.24,1.48,-0.37,0.31,0.57,-0.07,0.29
,Curitiba,11,2012,0.58,0.4,0.64,1.05,3.39,-0.08,1.2,0.05,0.19
,Curitiba,12,2012,1.15,0.4,-0.05,2.13,0.4,0.54,1.87,0.1,-0.15
,Curitiba,1,2013,1,-0.25,2.08,0.28,0.35,0.71,1.91,0.2,-0.02
,Curitiba,2,2013,1.18,-2.48,1.1,1.17,0.55,0.66,0.76,5.58,0.16
,Curitiba,3,2013,0.19,0.62,0.38,0.41,0.43,-0.04,-0.71,0.71,0.32
,Curitiba,4,2013,0.64,1.07,1.65,0.75,-0.6,1.64,0.09,0.03,-0.12
,Curitiba,5,2013,0.05,0.47,0.58,1.2,-0.28,1.17,0.57,0,0.09
,Curitiba,6,2013,0.86,0.47,0.04,0.2,-1.69,0.58,0.18,-0.06,0.15
,Curitiba,7,2013,0.45,1.15,0.89,0.65,-0.18,0.62,1.39,0.16,-0.05
,Curitiba,8,2013,0.42,0.68,1.54,0.1,0.68,0.11,0.2,0.66,-0.19
,Curitiba,9,2013,0.19,0.36,0.7,0.08,-0.21,0.74,0.8,0.37,-0.05
,Curitiba,10,2013,1.05,0.66,1.05,-0.07,0.98,-0.04,0.57,0.05,0.23
,Curitiba,11,2013,-0.1,0.3,1.12,1.15,1.71,0.08,-0.54,0.15,0.32
,Curitiba,12,2013,0.62,0.35,0.37,0.63,1.83,0.68,1.52,0.04,0.58
,Curitiba,1,2014,1.01,0.67,1.18,-0.29,-0.02,0.73,2.93,0.15,-0.14
,Curitiba,2,2014,0.41,0.92,1.35,-1.1,-0.33,0.27,-0.06,6.04,-0.32
,Curitiba,3,2014,2.17,0.59,0.28,0.47,1.34,0.35,-0.12,0.51,-1.42
,Curitiba,4,2014,1.39,1,0.07,0.87,0.27,1.33,0.06,0.35,0.02
,Curitiba,5,2014,0.64,0.7,0.69,0.09,-0.4,1.28,1.46,0.19,0.13
,Curitiba,6,2014,0.22,0.11,-0.4,0.1,0.07,0.59,2.95,0.13,-0.01
,Curitiba,7,2014,0.42,4.52,1.05,0.24,-1.9,0.59,0.19,-0.18,0.01
,Curitiba,8,2014,-0.65,0.39,-0.3,-0.32,1.27,0.45,-0.83,0.55,0.13
,Curitiba,9,2014,0.81,0.75,0.22,0.74,0.23,0.67,-0.12,0.49,0.31
,Curitiba,10,2014,0.61,0.37,-0.17,0.2,-0.07,0.27,0.51,0.12,-0.07
,Curitiba,11,2014,0.6,0.46,-0.46,0.59,0.42,0.34,0.41,0.24,0.08
,Curitiba,12,2014,0.96,0.45,0.7,0.44,1.9,0.55,0.7,-0.03,-0.11
,Curitiba,1,2015,1.41,1.92,-0.27,0.56,0.59,0.05,0.98,0.23,0.36
,Curitiba,2,2015,0.61,0.57,1.18,-0.32,3.83,0.78,0.38,6.13,0.14
,Curitiba,3,2015,1.28,7.44,-0.03,0.7,-0.28,0.68,0.35,0.45,-1.06
,Curitiba,4,2015,1.86,2.51,1.18,1.42,-0.43,3.14,0.41,0.17,0.6
,Curitiba,5,2015,0.93,0.44,0.84,1.38,0.19,1.97,1.11,-0.07,0.2
,Curitiba,6,2015,0.58,1.58,1.22,-0.06,0.66,0.7,2.58,0.3,0.32
,Curitiba,7,2015,1.5,3.44,0.62,0.4,-0.57,-0.06,0.52,-0.04,0.32
,Curitiba,8,2015,0.66,0.52,0.81,0.24,0.55,0.3,0.68,0.93,0.21
,Curitiba,9,2015,0.16,1.61,0.56,0.42,0.88,0.28,0.03,0.43,0.03
,Curitiba,10,2015,0.51,0.16,-0.03,0.99,1.55,0.47,0.55,0.31,0.49
,Curitiba,11,2015,1.46,0.41,0.69,0.39,1.54,1.09,1.16,0.34,1.13
,Curitiba,12,2015,2.12,0.71,1.03,1.58,1.35,0.29,0.83,0.44,0.15
,Curitiba,1,2016,1.62,0.36,0.01,0.5,0.2,0.61,0.95,0.33,-0.06
,Curitiba,2,2016,0.85,-0.54,0.71,0.57,1.13,0.75,0.81,6.79,0.43
,Curitiba,3,2016,1.17,-0.67,1.34,0.04,0.51,0.81,0.72,0.51,-1.38
,Curitiba,4,2016,0.09,0.43,-0.25,0.42,0.94,2.35,0.18,0.11,1.59
,Curitiba,5,2016,1,0.4,-0.2,1.62,-0.58,2,1.04,0.15,0.12
,Curitiba,6,2016,1.31,-0.36,-0.55,-0.41,-0.92,0.56,0.36,0.11,0.09
,Curitiba,7,2016,1.55,-2.38,0.46,0.22,0.13,0.48,0.63,-0.05,0.07
,Curitiba,8,2016,0.84,0.24,-0.92,0.58,-0.17,0.08,0.44,1.38,0.05
,Curitiba,9,2016,-0.59,0.45,0.37,-0.02,1.95,-0.63,-0.28,0.45,0.18
,Curitiba,10,2016,-0.27,0.2,-0.02,0.07,-0.32,0.22,0.56,-0.03,0.07
,Curitiba,11,2016,-0.16,0.8,-0.13,-0.72,0.04,0.39,0.58,0.04,0.03
,Curitiba,12,2016,-0.07,-0.94,-0.97,0.53,0.86,0.54,0.87,0.13,-0.01
,Curitiba,1,2017,-0.28,0.01,-0.01,-0.24,0.28,1.79,0.84,0.22,0.42
,Curitiba,2,2017,-0.51,0.01,0.56,0.17,1.21,0.66,0.3,4.68,0.5
,Curitiba,3,2017,0.07,1.23,-0.49,0.08,-0.58,0.4,0.32,0.58,-0.5
,Curitiba,4,2017,-0.14,-1.34,-0.31,0.25,-0.43,1.46,-0.13,-0.19,0.92
,Curitiba,5,2017,-0.02,2.77,-0.44,1.38,-0.54,0.39,0.09,0.02,0.3
,Curitiba,6,2017,-0.49,0.25,-0.17,-0.53,-0.62,0.78,0.42,0.28,0.18
,Curitiba,7,2017,-0.59,2.19,-0.81,0.12,1.24,0.62,0.19,0.18,0.05
,Curitiba,8,2017,-0.87,0.71,-0.08,-0.25,2.31,0.02,0.01,1.17,0.08
,Curitiba,9,2017,-0.38,-0.07,-0.14,-0.07,1.16,-0.08,0.79,-0.15,0.49
,Curitiba,10,2017,1.07,1.21,0.39,0.91,0.45,0.19,0.49,0.12,0.48
,Curitiba,11,2017,-1.32,0.89,0.03,-0.08,-0.33,0.39,-0.01,-0.1,0.64
,Curitiba,12,2017,0.89,-0.75,-0.42,0.61,2.18,-0.15,0.45,0.35,-0.06
,Curitiba,1,2018,1,-0.85,-0.13,-0.4,0.48,0.49,0.22,0.24,-0.09
,Curitiba,2,2018,-0.43,0.02,0.58,-1,0.11,0.2,0.24,4.35,0.13
,Curitiba,3,2018,-0.25,-0.55,0.85,1.3,-0.27,0.7,-0.09,0.2,-0.19
,Curitiba,4,2018,-0.23,-0.11,-0.11,-0.18,-0.39,1.13,0.23,0.12,-0.12
,Curitiba,5,2018,0.58,0.69,-0.13,0.92,0.07,0.85,-0.01,0.04,0.54
,Curitiba,6,2018,3,2.85,0.02,-0.75,1.9,0.38,0.33,0.28,-0.03
,Curitiba,7,2018,-0.34,2.51,0.81,-0.8,0.05,0.28,0.29,-0.98,0
,Curitiba,8,2018,-0.07,0.39,0.15,0.72,-1.74,0.4,0.53,0.23,0
,Curitiba,9,2018,0.18,0.63,0.46,-0.01,2.15,0.14,0.21,0.07,-0.03
,Curitiba,10,2018,0.57,1.18,0.55,0.46,1,-0.14,0.08,-0.06,0.09
,Curitiba,11,2018,0.17,-1.13,0.28,-1.3,-0.42,-0.39,0.88,0.09,-0.01
,Curitiba,12,2018,0.28,-0.51,0.4,0.89,-1.42,0.08,0.55,0.15,0
,Curitiba,1,2019,0.6,-0.15,0.02,-1.35,-0.44,0.02,0.47,-0.03,0.01
,Porto Alegre,1,2012,0.08,0.59,-0.26,-0.33,0.19,-0.02,0.4,2.97,0.16
,Porto Alegre,2,2012,0.6,0.79,0.41,-0.65,-0.15,0.86,0.66,2.59,-0.3
,Porto Alegre,3,2012,0.1,0.27,0.85,-0.31,0.34,0.06,-0.08,0.24,-0.08
,Porto Alegre,4,2012,0.68,0.73,-0.23,1.57,-0.45,1.78,2.22,0.14,0.75
,Porto Alegre,5,2012,0.41,0.72,0.36,2.18,-0.4,0.7,0.28,0.13,0.48
,Porto Alegre,6,2012,1.22,-0.17,-0.53,-0.1,-1.4,0.31,0.91,0.04,-0.07
,Porto Alegre,7,2012,1.07,0.87,-0.1,0.18,0.43,0.36,1.31,0.11,0.28
,Porto Alegre,8,2012,1.61,0.27,0.97,-0.36,0.18,0.69,-0.12,1.26,0.06
,Porto Alegre,9,2012,1.51,0.78,0.23,-0.56,0.03,0.25,0.96,0.34,-0.03
,Porto Alegre,10,2012,0.88,0.16,0.01,0.78,0.58,0.24,0.34,0.18,0.27
,Porto Alegre,11,2012,0.23,-0.22,0.11,0.83,0.63,0.2,0.67,0.21,0.59
,Porto Alegre,12,2012,1.1,0.36,0.67,1.42,-0.23,0.36,1.58,0.21,-0.12
,Porto Alegre,1,2013,1.89,-0.71,0.97,-1.34,0.74,0.89,2.32,1.83,0.02
,Porto Alegre,2,2013,1.08,-3.18,-0.34,0,1.56,0.4,0.48,3.39,0.14
,Porto Alegre,3,2013,0.35,0.33,0.11,0.31,0.28,0.36,0.39,0.6,0.36
,Porto Alegre,4,2013,-0.34,0.76,0.68,1.12,-0.35,1.74,-0.09,0.01,-0.19
,Porto Alegre,5,2013,0.53,0.49,1.31,1.64,-0.15,0.61,0.53,0.03,-0.19
,Porto Alegre,6,2013,0.44,-0.1,0.41,0.95,0.04,0,0.04,0.26,0.25
,Porto Alegre,7,2013,0.42,0.97,0.4,-1.51,-0.52,0.42,0.98,-0.11,0.01
,Porto Alegre,8,2013,0.83,0.78,1.03,-0.45,-0.05,0.48,0.56,1.01,-0.04
,Porto Alegre,9,2013,1.6,0.37,0.42,0.89,0.43,0.45,0.2,0.24,0.13
,Porto Alegre,10,2013,0.96,0.92,0.15,0.28,0.19,0.37,0.35,-0.22,0.35
,Porto Alegre,11,2013,0.2,1.6,1.07,0.84,0.15,0.34,0.84,0.19,0.51
,Porto Alegre,12,2013,1.03,0.36,-0.64,0.06,1.38,0.75,0.31,0.04,0.78
,Porto Alegre,1,2014,0.42,0.45,0.57,-0.45,-0.14,-0.02,2.39,3.15,0
,Porto Alegre,2,2014,0.08,0.74,1.07,-1.61,-0.03,0.82,1.46,3.16,-0.01
,Porto Alegre,3,2014,2.94,-0.07,0.62,-0.04,0.54,0.56,0.09,0.14,-2.11
,Porto Alegre,4,2014,1.17,1.02,1.04,1.73,0.96,1.52,0.49,0.2,0.09
,Porto Alegre,5,2014,0.62,1.65,0.92,1.28,0.63,0.81,0.27,0.04,0.1
,Porto Alegre,6,2014,-0.12,0.63,0.39,1.28,-0.32,0.6,2.06,-0.26,-0.09
,Porto Alegre,7,2014,-0.17,1.41,0.93,-0.55,-0.32,0.17,0.09,0.23,-0.14
,Porto Alegre,8,2014,0.34,0.59,-0.02,-0.53,-0.26,0.39,0.16,1.02,0.16
,Porto Alegre,9,2014,0.9,0.14,-0.23,-0.02,0.75,0.27,0.22,0.18,0.36
,Porto Alegre,10,2014,0.93,0.9,0.78,1.4,0.67,0.08,0.7,0.19,0.07
,Porto Alegre,11,2014,0.31,0.27,-0.59,0.1,0.62,0.34,0.41,0.34,0.21
,Porto Alegre,12,2014,0.7,2.19,0.27,0.93,0.85,0.35,0.49,-0.13,0.05
,Porto Alegre,1,2015,1.78,3.01,-0.2,0.12,0.04,0.42,1.8,1.55,-0.06
,Porto Alegre,2,2015,0.42,1.19,1.1,-1.35,3.1,0.65,0.94,3.93,-0.29
,Porto Alegre,3,2015,1.16,6.87,0.49,0.1,1.68,0.75,0.48,0.31,-1.63
,Porto Alegre,4,2015,0.95,0.17,0.85,0.52,-0.3,1.68,0.52,0,0.35
,Porto Alegre,5,2015,0.61,1.35,0.65,1.25,1.54,0.9,1.12,0.18,0.2
,Porto Alegre,6,2015,1.3,0.12,1.13,1.53,0.77,0.7,1.5,-0.06,0.07
,Porto Alegre,7,2015,1.81,1.12,1.6,-0.27,0.91,0.67,0.15,0.11,0.07
,Porto Alegre,8,2015,0.81,-0.13,0.93,-1.31,-0.19,0.75,0.71,1.1,0.14
,Porto Alegre,9,2015,0.44,1.44,0.25,0.39,0.29,0.59,0.45,0.36,0
,Porto Alegre,10,2015,0.39,0.3,0.1,0.79,1.93,0.34,0.24,0.19,0.87
,Porto Alegre,11,2015,1.99,1.03,0.58,0.7,0.28,0.79,0.08,0.15,1.4
,Porto Alegre,12,2015,1.38,0.5,0.1,1.54,1.04,0.54,0.36,0.16,0.18
,Porto Alegre,1,2016,1.26,2.96,1.24,-0.14,2.83,0.61,1.09,0.22,1.49
,Porto Alegre,2,2016,1.32,0.37,1.15,0.52,-0.02,1.1,0.81,5.64,0.72
,Porto Alegre,3,2016,1.65,-0.16,-0.21,0.27,0.32,0.66,0.26,1.16,-2.67
,Porto Alegre,4,2016,0.91,-0.56,1.24,1.43,0.73,3.19,0.2,0.04,2.52
,Porto Alegre,5,2016,1.68,0.07,1.02,1.1,-0.05,1.45,1.87,0.36,-0.03
,Porto Alegre,6,2016,0.75,0.29,-0.2,0.41,-0.93,0.27,0.07,0.15,0.08
,Porto Alegre,7,2016,1.69,0.55,0.33,-0.58,0.21,0.59,0.53,0.05,-0.06
,Porto Alegre,8,2016,0.38,0.5,0.17,-0.34,0.28,0.72,0.74,2.35,-0.01
,Porto Alegre,9,2016,-0.9,1.14,-0.34,0.59,0.86,0.32,0.33,0.17,0.21
,Porto Alegre,10,2016,0.27,-0.24,0.1,1.19,-0.19,0.63,0.11,0.09,0.16
,Porto Alegre,11,2016,-0.35,0.18,0.5,0.61,0.69,0.37,0.76,0.13,-0.07
,Porto Alegre,12,2016,-0.04,-2.66,-0.08,0.87,0.98,0.29,0.85,-0.07,0.09
,Porto Alegre,1,2017,0.78,0.19,-0.09,-1.37,-0.58,0.38,0.51,0.18,0.86
,Porto Alegre,2,2017,-0.55,0.55,0.68,-0.97,-0.73,1.12,0.52,5.89,0.7
,Porto Alegre,3,2017,0.62,0.95,-0.74,-0.22,-0.92,0.42,0.02,0.21,-0.84
,Porto Alegre,4,2017,0.73,-1.26,0.23,0.78,-0.12,0.91,-0.08,0.17,1.03
,Porto Alegre,5,2017,-0.33,1.98,-0.09,0.67,1.34,0.57,0.3,0.3,-0.13
,Porto Alegre,6,2017,0.24,-1.4,-0.54,1.46,-0.01,0.38,0.42,0.31,0.06
,Porto Alegre,7,2017,-0.11,1.16,-0.28,-1.01,-1.04,0.25,0.51,0.07,-0.05
,Porto Alegre,8,2017,-1.24,1.13,0.31,-0.68,2.52,0.52,0.37,-0.59,-1.19
,Porto Alegre,9,2017,-0.85,-0.26,0.09,0.49,0.81,0.26,0.16,0.13,0.76
,Porto Alegre,10,2017,-0.15,0.85,-0.43,0.25,-0.22,0.58,0.94,0.26,0.49
,Porto Alegre,11,2017,-0.46,1.19,0.3,0.66,1.51,0.22,0.09,0.11,0.32
,Porto Alegre,12,2017,-0.13,-0.34,-0.59,0.83,1.49,0.28,0.15,0.31,-0.06
,Porto Alegre,1,2018,0.98,1.33,0.45,-1.82,1.32,0.35,0.3,0.17,0.08
,Porto Alegre,2,2018,-0.49,0.71,-0.1,-1.27,0.07,0.28,0.12,3.29,-0.01
,Porto Alegre,3,2018,-0.03,-0.37,-0.94,0.84,-0.36,0.4,0.36,0.39,-0.4
,Porto Alegre,4,2018,0.4,0.88,0.97,0.83,-0.21,0.75,-0.06,-0.07,-0.09
,Porto Alegre,5,2018,0.87,0.91,1.05,0.34,1.49,0.56,0.58,0.11,0.15
,Porto Alegre,6,2018,3.11,2.58,0.26,0.62,2.31,0.47,0.24,-0.05,0
,Porto Alegre,7,2018,-0.57,1.03,0.16,-0.62,0.55,0.11,0.39,0,0
,Porto Alegre,8,2018,0.44,0.1,0.54,-0.59,-1.46,0.68,0.5,-0.06,-0.03
,Porto Alegre,9,2018,0.11,0.88,-0.52,0.62,1.42,0.2,0.28,0.31,0.05
,Porto Alegre,10,2018,0.87,0.26,1.16,-0.3,1.48,0.29,-0.17,-0.06,-0.03
,Porto Alegre,11,2018,-0.39,-1.36,0.59,-0.41,-1.21,-0.82,0.33,0.13,0.02
,Porto Alegre,12,2018,0.71,0.22,0.62,1.15,-0.83,0.43,0.33,0.11,0.06
,Porto Alegre,1,2019,0.29,0.92,-0.07,-1.82,-1.25,0.86,0.97,0.14,-0.04
